1,0.0116025,2.43506
1,0.0474785,2.40917
1,0.0813629,2.38263
1,0.113415,2.35551
1,0.477621,1.78802
1,0.0646611,2.44243
1,0.0993416,2.41562
1,0.131954,2.38819
1,-0.0739211,2.85362
1,0.118635,2.4484
1,0.151828,2.42069
1,0.183027,2.39248
1,0.173159,2.45289
1,0.204754,2.42438
1,0.28363,2.1486
1,0.261273,2.17836
1,0.237969,2.20795
1,0.213595,2.23724
1,0.188119,2.26619
1,0.241805,2.1472
1,0.218568,2.17652
1,0.194372,2.20562
1,0.169126,2.23438
1,0.200048,2.14497
1,0.175999,2.17382
1,0.151011,2.2024
1,0.158487,2.14196
1,0.133747,2.1703
1,0.219769,2.30264
1,0.266869,2.30432
1,0.314148,2.30488
1,0.361484,2.30431
1,0.408552,2.30265
1,0.241235,2.33399
1,0.289826,2.33519
1,0.338522,2.33516
1,0.387114,2.334
1,0.264053,2.36513
1,0.314167,2.36573
1,0.364291,2.36512
1,0.28832,2.39591
1,0.340011,2.39592
1,0.245405,2.269
1,0.358939,2.23924
1,0.31418,2.23972
1,0.269391,2.23922
1,0.336037,2.20917
1,0.292277,2.20915
1,0.314164,2.17891
1,0.440185,2.26619
1,0.414721,2.23726
1,0.390367,2.20796
1,0.367045,2.17835
1,0.344699,2.1486
1,0.459183,2.23441
1,0.433976,2.20562
1,0.409738,2.17651
1,0.386524,2.1472
1,0.477329,2.2024
1,0.452301,2.17382
1,0.428272,2.14498
1,0.494604,2.17032
1,0.469827,2.14197
1,0.0132081,1.94169
1,0.0507234,1.94461
1,0.0883803,1.94703
1,0.126103,1.94899
1,0.163809,1.95047
1,0.0291724,1.9735
1,0.0672256,1.97625
1,0.105408,1.97846
1,0.143603,1.98016
1,0.0455628,2.00525
1,0.0841769,2.0078
1,0.122877,2.00974
1,0.0624176,2.03685
1,0.101596,2.03912
1,0.141814,1.91156
1,0.0713685,1.84729
1,0.0878232,1.87868
1,0.104606,1.91002
1,0.0510359,1.87653
1,0.0674244,1.90805
1,0.0303537,1.90562
1,0.182978,1.91073
1,0.165495,1.87984
1,0.148309,1.84881
1,0.131399,1.81768
1,0.114819,1.78659
1,0.202346,1.88083
1,0.184853,1.84997
1,0.167613,1.81901
1,0.150696,1.788
1,0.22137,1.85079
1,0.203849,1.82002
1,0.186634,1.78916
1,0.240005,1.82073
1,0.222537,1.79005
1,0.208927,1.97661
1,0.226962,2.00756
1,0.245548,2.03844
1,0.264725,2.06922
1,0.284526,2.09974
1,0.188268,2.00616
1,0.20619,2.03733
1,0.224756,2.0684
1,0.243905,2.09927
1,0.16696,2.03558
1,0.184835,2.06692
1,0.203298,2.0981
1,0.145068,2.06476
1,0.162816,2.09622
1,0.371501,1.97798
1,0.275357,2.00873
1,0.31414,2.00902
1,0.35295,2.00874
1,0.294468,2.03938
1,0.333853,2.03939
1,0.314154,2.06983
1,0.389498,1.94292
1,0.351874,1.94362
1,0.314168,1.94386
1,0.276416,1.94363
1,0.238819,1.94291
1,0.370078,1.91293
1,0.332805,1.91335
1,0.295488,1.91337
1,0.258217,1.91292
1,0.351045,1.88278
1,0.314152,1.88301
1,0.277252,1.88279
1,0.332409,1.85262
1,0.2959,1.8526
1,0.343779,2.09974
1,0.363592,2.06921
1,0.382754,2.03846
1,0.401358,2.00757
1,0.419404,1.97662
1,0.384402,2.09927
1,0.403572,2.0684
1,0.4221,2.03733
1,0.44006,2.00618
1,0.425019,2.09811
1,0.443499,2.06692
1,0.461337,2.03559
1,0.465509,2.09623
1,0.483221,2.06477
1,0.513508,1.7866
1,0.4969,1.8177
1,0.480017,1.8488
1,0.462816,1.87986
1,0.445331,1.91072
1,0.460672,1.81902
1,0.443476,1.85
1,0.425951,1.88085
1,0.441669,1.78917
1,0.424463,1.82004
1,0.406945,1.85082
1,0.597166,1.83727
1,0.577109,1.80801
1,0.55737,1.7787
1,0.654144,1.86376
1,0.633515,1.8348
1,0.613157,1.80572
1,0.593133,1.77657
1,0.669745,1.83202
1,0.628892,1.77416
1,0.664571,1.77149
1,0.721765,2.05665
1,0.637007,2.00312
1,0.659323,2.03193
1,0.682285,2.06053
1,0.620206,2.03483
1,0.642623,2.06378
1,0.602867,2.06636
1,0.686412,1.9031
1,0.774105,1.86225
1,0.737703,1.86679
1,0.701204,1.87096
1,0.751839,1.83439
1,0.715704,1.8387
1,0.72995,1.80645
1,0.848446,1.85734
1,0.868521,1.76647
1,0.849908,1.79653
1,0.831038,1.82651
1,0.832712,1.76569
1,0.813868,1.79561
1,0.796976,1.76465
1,0.124419,0.933846
1,0.157487,0.91074
1,0.13306,0.968183
1,0.165466,0.945149
1,0.198996,0.92266
1,0.141279,1.00259
1,0.17312,0.979718
1,0.0966035,1.69213
1,0.116635,1.60139
1,0.0982548,1.63133
1,0.0797787,1.66126
1,0.0814963,1.60044
1,0.0630355,1.63035
1,0.046406,1.59945
1,0.174586,1.5647
1,0.139541,1.56399
1,0.10443,1.56328
1,0.0692864,1.56256
1,0.0342349,1.56188
1,0.157724,1.53396
1,0.122611,1.53318
1,0.0874333,1.53248
1,0.0523295,1.53183
1,0.140818,1.50316
1,0.105627,1.50242
1,0.0704598,1.50176
1,0.123874,1.47245
1,0.088641,1.47175
1,0.11712,1.7252
1,0.135622,1.69531
1,0.154003,1.66533
1,0.172298,1.63527
1,0.190459,1.6053
1,0.152611,1.72613
1,0.171037,1.69614
1,0.189308,1.66604
1,0.207491,1.63597
1,0.188154,1.72688
1,0.206421,1.69679
1,0.224586,1.66667
1,0.223615,1.72742
1,0.241752,1.69729
1,0.288289,1.41913
1,0.270421,1.44941
1,0.252683,1.47978
1,0.235019,1.51017
1,0.217446,1.54052
1,0.252803,1.41895
1,0.235027,1.44931
1,0.217389,1.47976
1,0.199845,1.51018
1,0.217289,1.41893
1,0.199637,1.44936
1,0.182141,1.47985
1,0.181821,1.41909
1,0.16436,1.44958
1,0.332342,1.79019
1,0.314155,1.82089
1,0.349865,1.69807
1,0.332109,1.72879
1,0.314178,1.75951
1,0.296009,1.79018
1,0.277643,1.82073
1,0.314176,1.69813
1,0.296226,1.72879
1,0.27807,1.75938
1,0.259731,1.78992
1,0.278492,1.69808
1,0.260361,1.72857
1,0.242063,1.75904
1,0.243985,1.57512
1,0.279037,1.57515
1,0.314152,1.57515
1,0.349308,1.57514
1,0.384335,1.57513
1,0.261453,1.60554
1,0.296586,1.6056
1,0.331756,1.60558
1,0.366889,1.60555
1,0.278981,1.63599
1,0.314166,1.63601
1,0.349359,1.63598
1,0.29655,1.66633
1,0.331779,1.66635
1,0.261486,1.54048
1,0.349363,1.51003
1,0.314176,1.51
1,0.278965,1.51002
1,0.3318,1.47957
1,0.296514,1.47955
1,0.314163,1.44918
1,0.410861,1.54053
1,0.393298,1.51018
1,0.375648,1.47979
1,0.357896,1.4494
1,0.340036,1.41913
1,0.428463,1.5102
1,0.410953,1.47976
1,0.393279,1.4493
1,0.375522,1.41895
1,0.446194,1.47985
1,0.428665,1.44937
1,0.411028,1.41894
1,0.463982,1.44959
1,0.446488,1.41911
1,0.437868,1.6053
1,0.456029,1.6353
1,0.474306,1.66531
1,0.492716,1.69533
1,0.51119,1.7252
1,0.420848,1.63598
1,0.439002,1.66607
1,0.457315,1.69614
1,0.475711,1.72616
1,0.403737,1.66669
1,0.421905,1.6968
1,0.440181,1.7269
1,0.386587,1.69729
1,0.404694,1.72743
1,0.476585,1.60231
1,0.548529,1.66128
1,0.530081,1.63136
1,0.511701,1.60139
1,0.565266,1.63036
1,0.546834,1.60043
1,0.581916,1.59946
1,0.594084,1.56189
1,0.559022,1.56256
1,0.523905,1.56328
1,0.488787,1.56398
1,0.453731,1.56468
1,0.575991,1.53183
1,0.540874,1.53248
1,0.505717,1.5332
1,0.470608,1.53394
1,0.557863,1.50175
1,0.522687,1.50241
1,0.487513,1.50317
1,0.539685,1.47174
1,0.504469,1.47246
1,0.555108,1.72955
1,0.571713,1.69859
1,0.588227,1.66754
1,0.604671,1.63645
1,0.620979,1.60541
1,0.590583,1.72831
1,0.607124,1.69727
1,0.62353,1.66612
1,0.639814,1.63501
1,0.626114,1.7269
1,0.642495,1.69576
1,0.658747,1.66461
1,0.661553,1.7253
1,0.677762,1.69412
1,0.701527,1.41204
1,0.684923,1.443
1,0.668408,1.47405
1,0.651964,1.50514
1,0.635655,1.53619
1,0.666053,1.41328
1,0.649511,1.44433
1,0.633105,1.47548
1,0.616821,1.50658
1,0.630521,1.41469
1,0.61414,1.44584
1,0.597887,1.47699
1,0.595082,1.41629
1,0.145764,1.27935
1,0.0873898,1.30288
1,0.123524,1.3072
1,0.101615,1.33514
1,0.141121,1.40363
1,0.121983,1.43332
1,0.124564,1.37241
1,0.105428,1.40216
1,0.0864624,1.43195
1,0.0887014,1.37102
1,0.0697321,1.40087
1,0.0798961,1.20766
1,0.0647509,1.17556
1,0.117087,1.2119
1,0.102389,1.17958
1,0.0873334,1.14731
1,0.154178,1.21663
1,0.140045,1.18408
1,0.125476,1.1516
1,0.110538,1.11921
1,0.240245,1.25286
1,0.370161,1.22213
1,0.332839,1.2217
1,0.295459,1.22168
1,0.258157,1.22213
1,0.351879,1.19153
1,0.314151,1.19131
1,0.276416,1.19154
1,0.408188,1.28426
1,0.388113,1.37512
1,0.406726,1.34506
1,0.425597,1.31508
1,0.423923,1.3759
1,0.442766,1.34599
1,0.459659,1.37695
1,0.563577,1.17558
1,0.548397,1.20766
1,0.540968,1.14732
1,0.525922,1.17959
1,0.511229,1.21192
1,0.517783,1.11922
1,0.502809,1.1516
1,0.488289,1.18411
1,0.474122,1.21664
1,0.493931,1.09135
1,0.479148,1.12381
1,0.464739,1.15643
1,0.450765,1.1891
1,0.437177,1.2218
1,0.454853,1.0963
1,0.440674,1.12899
1,0.426867,1.16178
1,0.41349,1.19459
1,0.416014,1.10185
1,0.402474,1.13471
1,0.389299,1.16764
1,0.570223,1.23849
1,0.48253,1.27934
1,0.518932,1.2748
1,0.555432,1.27063
1,0.504796,1.30721
1,0.54093,1.30289
1,0.526684,1.33514
1,0.53964,1.371
1,0.558583,1.40088
1,0.50375,1.37241
1,0.522901,1.40215
1,0.541842,1.43196
1,0.487215,1.40361
1,0.506326,1.43331
1,0.618357,1.24618
1,0.639065,1.27518
1,0.65947,1.30432
1,0.679528,1.33359
1,0.699266,1.36289
1,0.602492,1.27784
1,0.623121,1.30679
1,0.643478,1.33587
1,0.663502,1.36502
1,0.586891,1.30957
1,0.607443,1.33847
1,0.627742,1.36744
1,0.571571,1.34133
1,0.592065,1.3701
1,0.0598275,2.62933
1,0.0388229,2.59591
1,0.0199508,2.56227
1,0.0029001,2.52844
1,-0.0125178,2.49461
1,0.105558,2.60278
1,0.0830709,2.56973
1,0.0626976,2.53645
1,0.0442859,2.50302
1,0.147393,2.57536
1,0.123746,2.54275
1,0.102324,2.50988
1,0.185602,2.54728
1,0.161244,2.51511
1,0.468737,2.66876
1,0.391889,2.67237
1,0.314174,2.67359
1,0.236364,2.67238
1,0.159576,2.66875
1,0.423999,2.64061
1,0.35088,2.64285
1,0.277384,2.64287
1,0.204269,2.6406
1,0.383646,2.61166
1,0.314142,2.61273
1,0.244628,2.61166
1,0.34719,2.58215
1,0.281105,2.58213
1,0.430545,2.48596
1,0.405237,2.51799
1,0.377656,2.54967
1,0.398266,2.4568
1,0.372529,2.48842
1,0.344623,2.51973
1,0.314147,2.55062
1,0.368228,2.42716
1,0.342239,2.45835
1,0.314186,2.48924
1,0.283743,2.51972
1,0.250712,2.54968
1,0.314182,2.42786
1,0.286101,2.45835
1,0.255804,2.4884
1,0.223098,2.51799
1,0.260146,2.42716
1,0.230102,2.45679
1,0.197826,2.48597
1,0.38292,2.26899
1,0.337132,2.27003
1,0.291216,2.27001
1,0.649193,1.80313
1,0.514917,2.35553
1,0.54694,2.38262
1,0.580873,2.40919
1,0.616706,2.43506
1,0.685065,1.80026
1,0.496356,2.38822
1,0.529025,2.41562
1,0.563667,2.44245
1,0.445298,2.3925
1,0.4765,2.4207
1,0.509709,2.44841
1,0.423591,2.42438
1,0.455146,2.45291
1,0.640851,2.49462
1,0.625391,2.52847
1,0.608372,2.56226
1,0.58949,2.59594
1,0.568466,2.62932
1,0.584035,2.50304
1,0.565564,2.53647
1,0.545272,2.56976
1,0.522721,2.6028
1,0.525968,2.5099
1,0.504561,2.54276
1,0.48092,2.57539
1,0.46709,2.51512
1,0.442678,2.54728
1,0.679502,2.25758
1,0.63536,2.26611
1,0.590557,2.2737
1,0.545202,2.28027
1,0.499455,2.28579
1,0.648172,2.23245
1,0.604672,2.24028
1,0.560617,2.24721
1,0.516157,2.25314
1,0.618052,2.20683
1,0.575229,2.214
1,0.531975,2.22032
1,0.589101,2.18082
1,0.547005,2.18743
1,0.53673,2.31999
1,0.650376,2.36476
1,0.616203,2.33936
1,0.583682,2.31338
1,0.66344,2.33088
1,0.630044,2.30568
1,0.675669,2.29696
1,0.708041,2.21718
1,0.696856,2.12473
1,0.686939,2.15886
1,0.676559,2.19295
1,0.656976,2.1343
1,0.646094,2.16823
1,0.616713,2.14313
1,0.683141,2.42966
1,0.695577,2.3956
1,0.707165,2.36141
1,0.718011,2.32712
1,0.728112,2.29287
1,0.734135,2.41937
1,0.744682,2.385
1,0.785777,2.23086
1,0.752738,2.20772
1,0.827303,2.21891
1,0.793774,2.19643
1,0.761357,2.1734
1,0.868104,2.20617
1,0.834269,2.18429
1,0.801406,2.16188
1,0.769591,2.13899
1,0.908118,2.19263
1,0.87405,2.17141
1,0.840914,2.14957
1,0.808729,2.12728
1,0.777468,2.10457
1,0.913063,2.1578
1,0.879721,2.13661
1,0.847259,2.11487
1,0.815696,2.09273
1,0.91778,2.12298
1,0.885136,2.10187
1,0.853325,2.08026
1,0.256812,1.97798
1,0.295007,1.97852
1,0.333286,1.97853
1,0.486508,1.91156
1,0.503642,1.88048
1,0.520487,1.84925
1,0.796692,1.88996
1,0.760063,1.89472
1,0.723268,1.89912
1,0.693057,1.96601
1,0.708239,1.93393
1,0.715668,1.99427
1,0.730712,1.96201
1,0.745407,1.92967
1,0.738852,2.02237
1,0.753826,1.98999
1,0.768345,1.95748
1,0.782513,1.92496
1,0.762704,2.05024
1,0.777487,2.01778
1,0.791896,1.98517
1,0.80587,1.95249
1,0.819457,1.9198
1,0.801782,2.0453
1,0.815961,2.01261
1,0.829768,1.97981
1,0.843144,1.947
1,0.840621,2.03974
1,0.85416,2.00688
1,0.867335,1.97396
1,0.90428,1.76704
1,0.885946,1.7972
1,0.867334,1.82733
1,0.962474,2.06486
1,0.922508,2.06486
1,0.981834,2.03413
1,0.942491,2.03444
1,0.903102,2.03414
1,0.961875,2.00388
1,0.92311,2.00388
1,0.924498,1.79834
1,0.960473,1.79836
1,0.906185,1.82855
1,0.942483,1.82869
1,0.978787,1.82854
1,0.887541,1.85869
1,0.924157,1.85907
1,0.960812,1.85905
1,0.997428,1.8587
1,0.868583,1.88875
1,0.905481,1.88933
1,0.942487,1.88955
1,0.979466,1.88935
1,1.01639,1.88873
1,0.886473,1.91947
1,0.923795,1.91989
1,0.961174,1.91991
1,0.998477,1.91946
1,0.904755,1.95006
1,0.942483,1.95028
1,0.980219,1.95005
1,0.980683,1.76704
1,1.05392,1.82654
1,1.03505,1.79656
1,1.01644,1.7665
1,1.07109,1.7956
1,1.05224,1.76569
1,1.08798,1.76466
1,0.107855,1.02712
1,0.0482273,0.948625
1,0.0586072,0.982712
1,0.0685237,1.01685
1,0.017784,0.973361
1,0.0286651,1.00729
1,-0.0116196,0.998454
1,0.0175371,0.519382
1,0.108645,0.598811
1,0.0972396,0.564253
1,0.0845411,0.529733
1,0.158024,0.576787
1,0.149048,0.541971
1,0.210694,0.55598
1,0.07768,0.664918
1,0.121368,0.642038
1,0.167852,0.6201
1,0.217274,0.599241
1,0.269542,0.579619
1,0.130822,0.676658
1,0.175494,0.654964
1,0.222748,0.634221
1,0.272566,0.614656
1,0.182427,0.689794
1,0.227718,0.669217
1,0.275339,0.649715
1,0.232237,0.704159
1,0.277866,0.684733
1,0.205945,0.957278
1,0.239808,0.935417
1,0.149175,1.03702
1,0.180392,1.0143
1,0.212612,0.992006
1,0.245737,0.970201
1,0.279807,0.948944
1,0.18738,1.04887
1,0.21894,1.0267
1,0.251427,1.00499
1,0.284736,0.983791
1,0.225026,1.06133
1,0.256827,1.03972
1,0.289473,1.01859
1,0.15069,0.874085
1,0.271624,0.877377
1,0.229195,0.863888
1,0.18581,0.851308
1,0.266181,0.842476
1,0.222382,0.829112
1,0.260403,0.807663
1,0.2748,1.10746
1,0.29416,1.07674
1,0.294759,1.13772
1,0.314142,1.10715
1,0.334127,1.07674
1,0.333525,1.13772
1,0.353532,1.10745
1,0.35157,0.912223
1,0.442532,0.851295
1,0.399146,0.863874
1,0.356713,0.877362
1,0.405934,0.829118
1,0.362134,0.842483
1,0.367929,0.80765
1,0.47086,0.910736
1,0.503898,0.933868
1,0.429332,0.922676
1,0.462862,0.945156
1,0.495279,0.96819
1,0.388531,0.935417
1,0.422367,0.957306
1,0.455231,0.979708
1,0.487044,1.0026
1,0.348517,0.948965
1,0.382586,0.970183
1,0.415721,0.992017
1,0.447907,1.01431
1,0.479168,1.03702
1,0.343572,0.983794
1,0.376914,1.00498
1,0.409377,1.02672
1,0.440939,1.04886
1,0.338855,1.01861
1,0.3715,1.03972
1,0.403311,1.06133
1,0.358784,0.579609
1,0.411063,0.599242
1,0.460444,0.620084
1,0.506928,0.642037
1,0.550622,0.664927
1,0.355752,0.614647
1,0.405578,0.634231
1,0.452832,0.654939
1,0.497459,0.676663
1,0.352967,0.649713
1,0.400586,0.669231
1,0.445883,0.689774
1,0.350426,0.684738
1,0.39606,0.704131
1,0.573495,0.711935
1,0.561058,0.745995
1,0.528525,0.848722
1,0.522501,0.722224
1,0.511954,0.756593
1,0.502189,0.791084
1,0.49307,0.825544
1,0.47264,0.733765
1,0.464054,0.768389
1,0.456051,0.803021
1,0.424207,0.746485
1,0.417465,0.781242
1,0.548597,0.924408
1,0.559781,1.01686
1,0.569698,0.982731
1,0.580078,0.948645
1,0.599661,1.00729
1,0.610543,0.97336
1,0.639925,0.998467
1,0.60626,0.776833
1,0.640433,0.802229
1,0.672955,0.828212
1,0.593197,0.810713
1,0.626592,0.835914
1,0.580967,0.844627
1,0.577134,0.884011
1,0.621278,0.875485
1,0.666081,0.86789
1,0.711434,0.861324
1,0.757182,0.855799
1,0.608467,0.909142
1,0.651965,0.901317
1,0.69602,0.894386
1,0.740479,0.888451
1,0.638585,0.934766
1,0.681407,0.927589
1,0.724661,0.921269
1,0.667536,0.960776
1,0.709632,0.954163
1,0.684997,1.00132
1,0.726539,0.996993
1,0.66948,1.03395
1,0.710141,1.02932
1,0.751018,1.02544
1,0.694342,1.06177
1,0.734419,1.0576
1,0.386293,1.75903
1,0.368602,1.78991
1,0.35071,1.82072
1,0.367991,1.72858
1,0.350261,1.75939
1,0.76942,1.73798
1,0.752885,1.76919
1,0.750308,1.70828
1,0.733733,1.73945
1,0.716995,1.77059
1,0.714793,1.70963
1,0.698052,1.74071
1,0.662551,1.5797
1,0.697613,1.57903
1,0.73273,1.57831
1,0.767848,1.57761
1,0.802905,1.57691
1,0.680644,1.60976
1,0.715761,1.60911
1,0.750918,1.60839
1,0.786027,1.60765
1,0.698772,1.63984
1,0.733947,1.63919
1,0.769121,1.63842
1,0.716949,1.66986
1,0.752166,1.66913
1,0.78005,1.53928
1,0.708106,1.48031
1,0.726554,1.51023
1,0.744935,1.5402
1,0.69137,1.51123
1,0.709801,1.54117
1,0.674719,1.54213
1,0.818767,1.53629
1,0.800607,1.5063
1,0.782329,1.47628
1,0.76392,1.44626
1,0.745446,1.41639
1,0.835788,1.50561
1,0.817635,1.47552
1,0.799321,1.44545
1,0.780924,1.41543
1,0.852899,1.47491
1,0.834731,1.44479
1,0.816455,1.4147
1,0.87005,1.4443
1,0.851942,1.41416
1,0.845774,1.60107
1,0.863337,1.63141
1,0.880987,1.6618
1,0.898739,1.6922
1,0.916598,1.72246
1,0.828172,1.63139
1,0.845682,1.66184
1,1.01265,1.56647
1,0.9776,1.56645
1,0.942484,1.56644
1,0.907327,1.56645
1,0.8723,1.56646
1,0.995183,1.53605
1,0.96005,1.53599
1,0.92488,1.53601
1,0.889747,1.53604
1,0.977656,1.5056
1,0.94247,1.50559
1,0.907278,1.50561
1,0.960086,1.47526
1,0.924857,1.47524
1,0.53487,1.08494
1,0.61963,1.13847
1,0.597313,1.10967
1,0.574351,1.08107
1,0.636431,1.10676
1,0.614014,1.07781
1,0.65377,1.07524
1,0.792129,1.19114
1,0.754434,1.19261
1,0.71672,1.19456
1,0.679032,1.19698
1,0.641528,1.1999
1,0.771939,1.16145
1,0.733739,1.16311
1,0.695536,1.16534
1,0.657494,1.16809
1,0.751212,1.13184
1,0.712496,1.13381
1,0.67389,1.13635
1,0.729945,1.10246
1,0.690751,1.10475
1,0.719665,1.32361
1,0.732945,1.23157
1,0.716159,1.26288
1,0.699675,1.29429
1,0.695758,1.23356
1,0.679337,1.26505
1,0.658678,1.23596
1,0.743128,1.35499
1,0.759736,1.32389
1,0.77662,1.29279
1,0.79382,1.26173
1,0.811306,1.23087
1,0.779015,1.35357
1,0.795964,1.32257
1,0.813161,1.29159
1,0.830686,1.26074
1,0.814968,1.35242
1,0.832173,1.32156
1,0.849693,1.29078
1,0.850845,1.35152
1,0.868343,1.32086
1,0.912859,1.04186
1,0.893044,1.07238
1,0.873884,1.10314
1,0.85528,1.13402
1,0.837234,1.16498
1,0.872235,1.04232
1,0.853065,1.07319
1,0.834538,1.10426
1,0.816577,1.13541
1,0.831619,1.04349
1,0.813138,1.07467
1,0.7953,1.106
1,0.791128,1.04536
1,0.773416,1.07682
1,0.885136,1.16362
1,0.981281,1.13287
1,0.942497,1.13258
1,0.903687,1.13285
1,0.96217,1.10222
1,0.922784,1.1022
1,0.942484,1.07176
1,0.867138,1.19868
1,0.904765,1.19797
1,0.94247,1.19773
1,0.98022,1.19796
1,1.01782,1.19869
1,0.886559,1.22867
1,0.923832,1.22824
1,0.961149,1.22822
1,0.99842,1.22868
1,0.905592,1.25881
1,0.942485,1.25859
1,0.979384,1.2588
1,0.924228,1.28897
1,0.960737,1.28899
1,1.01461,1.38257
1,0.996284,1.41303
1,0.978179,1.44354
1,0.996943,1.3517
1,0.978578,1.38221
1,0.960447,1.41283
1,0.942471,1.44347
1,0.979029,1.32089
1,0.960639,1.35143
1,0.942495,1.38209
1,0.924537,1.41282
1,0.906806,1.44355
1,0.942493,1.32072
1,0.92433,1.35143
1,0.906387,1.3822
1,0.888681,1.41304
1,0.905964,1.3209
1,0.87038,1.38258
1,0.0871781,2.69837
1,0.114922,2.73149
1,0.147251,2.76435
1,0.185383,2.79682
1,0.230973,2.82865
1,0.029663,2.72393
1,0.0542759,2.75769
1,0.0835286,2.79125
1,0.118547,2.82441
1,-0.0348717,2.74814
1,-0.0144109,2.78245
1,0.0100997,2.81656
1,-0.106938,2.77066
1,-0.0922573,2.80536
1,0.239393,2.90489
1,0.388987,2.90491
1,0.143963,2.93293
1,0.314186,2.93584
1,0.484423,2.93292
1,0.0206665,2.95858
1,0.213786,2.96539
1,0.414593,2.96537
1,0.607739,2.95859
1,-0.138962,2.98071
1,0.0753934,2.99251
1,0.314221,2.9967
1,0.552908,2.99253
1,0.767342,2.98069
1,-0.117969,3.01565
1,0.161679,3.02576
1,0.466782,3.02578
1,0.746229,3.01564
1,-0.0810221,3.05046
1,0.31422,3.05743
1,0.709492,3.05045
1,0.189283,2.70532
1,0.272301,2.70798
1,0.355957,2.708
1,0.439017,2.70532
1,0.224725,2.7373
1,0.314111,2.73874
1,0.403562,2.73732
1,0.265904,2.76879
1,0.362417,2.76881
1,0.314142,2.79956
1,0.397306,2.82864
1,0.442921,2.79681
1,0.48103,2.76437
1,0.513401,2.73151
1,0.541164,2.69838
1,0.509734,2.82441
1,0.544808,2.79125
1,0.57397,2.7577
1,0.598683,2.72395
1,0.618213,2.81657
1,0.642766,2.78245
1,0.663144,2.74816
1,0.720604,2.80537
1,0.735199,2.77068
1,0.636402,2.3985
1,0.601431,2.37291
1,0.568238,2.34668
1,0.736209,2.1145
1,0.727223,2.14874
1,0.717858,2.183
1,0.790962,2.94415
1,0.655512,2.92292
1,0.544963,2.8985
1,0.455165,2.87177
1,0.800055,2.90911
1,0.681992,2.88835
1,0.582546,2.86473
1,0.806698,2.874
1,0.70224,2.85362
1,0.811821,2.83896
1,0.645864,2.62222
1,0.662474,2.58819
1,0.677405,2.55398
1,0.690791,2.51973
1,0.712819,2.61187
1,0.725544,2.57737
1,0.736989,2.54279
1,0.777332,2.59962
1,0.786375,2.56481
1,0.839008,2.58562
1,0.783996,2.40783
1,0.83243,2.3951
1,0.839172,2.36035
1,0.814105,2.2903
1,0.85749,2.27772
1,0.899922,2.26423
1,0.850702,2.31247
1,0.894503,2.29911
1,0.888707,2.33394
1,0.986296,2.3713
1,0.987945,2.40648
1,0.942477,2.3542
1,0.94249,2.3894
1,0.942468,2.4246
1,0.898698,2.3713
1,0.897007,2.40648
1,0.979921,2.22934
1,1.02103,2.24293
1,1.06309,2.25567
1,1.10595,2.26751
1,0.985013,2.26421
1,1.02744,2.2777
1,1.07083,2.29028
1,0.990453,2.29911
1,1.03425,2.31248
1,0.996234,2.33393
1,1.13222,2.20775
1,1.09915,2.23085
1,1.12358,2.17341
1,1.09117,2.19644
1,1.05764,2.21893
1,1.11536,2.13901
1,1.08352,2.16187
1,1.05069,2.18431
1,1.01683,2.20617
1,1.10746,2.10457
1,1.07624,2.12729
1,1.04402,2.14959
1,1.0109,2.17139
1,0.976828,2.19265
1,1.06926,2.09272
1,1.03769,2.11489
1,1.00521,2.13661
1,0.9719,2.1578
1,1.03161,2.08027
1,0.999808,2.10187
1,0.967163,2.123
1,1.17896,2.47667
1,1.13527,2.49955
1,1.08879,2.52149
1,1.03936,2.54235
1,0.987095,2.56197
1,1.12581,2.46493
1,1.08114,2.48663
1,1.03389,2.50737
1,0.984069,2.52693
1,1.07421,2.4518
1,1.02892,2.47237
1,0.981298,2.49187
1,1.0244,2.43743
1,0.978771,2.45686
1,0.99095,2.61309
1,1.05394,2.62884
1,1.12049,2.6428
1,1.19026,2.65483
1,1.26285,2.66474
1,0.993124,2.64815
1,1.0604,2.66384
1,1.13173,2.67756
1,1.20663,2.68915
1,0.995547,2.68324
1,1.06779,2.69882
1,1.14463,2.71222
1,0.998333,2.71828
1,1.07638,2.73366
1,1.15686,2.29286
1,1.16695,2.32713
1,1.17779,2.36138
1,1.18936,2.39559
1,1.20179,2.42966
1,1.1403,2.38498
1,1.15079,2.41936
1,0.888045,1.35169
1,1.10097,2.40781
1,1.04576,2.36034
1,1.05254,2.39508
1,1.19415,2.51972
1,1.20757,2.55396
1,1.22244,2.58817
1,1.2391,2.62221
1,1.14799,2.54278
1,1.1594,2.57734
1,1.1721,2.61186
1,1.09861,2.5648
1,1.10759,2.59962
1,1.04594,2.58561
1,0.091338,1.81798
1,0.107836,1.84922
1,0.124649,1.88046
1,0.653321,1.97137
1,0.67552,1.99998
1,0.698334,2.02844
1,1.03647,1.85734
1,1.01763,1.82733
1,0.999015,1.7972
1,1.17674,1.93394
1,1.19189,1.96604
1,1.13955,1.92969
1,1.15425,1.96202
1,1.1693,1.99428
1,1.10246,1.92497
1,1.11659,1.95751
1,1.13116,1.99
1,1.1461,2.02239
1,1.06549,1.91982
1,1.0791,1.95248
1,1.09307,1.98518
1,1.10745,2.01778
1,1.12227,2.05025
1,1.0418,1.947
1,1.05521,1.97982
1,1.06898,2.01263
1,1.08318,2.04529
1,1.01762,1.97398
1,1.0308,2.00689
1,1.04435,2.03976
1,1.19855,1.90311
1,1.16169,1.89913
1,1.12489,1.89473
1,1.08825,1.88992
1,1.18377,1.87096
1,1.14727,1.86679
1,1.11087,1.86225
1,1.16925,1.83871
1,1.13311,1.83439
1,1.15502,1.80645
1,0.0997814,0.848727
1,0.0672751,0.746005
1,0.0548415,0.711934
1,0.135236,0.82555
1,0.126134,0.791075
1,0.116333,0.75661
1,0.10585,0.722235
1,0.172271,0.803028
1,0.164286,0.768387
1,0.155663,0.733782
1,0.210874,0.781252
1,0.204094,0.746515
1,0.276714,0.91225
1,0.235609,0.898657
1,0.19355,0.885923
1,0.27034,0.770291
1,0.26869,0.735107
1,0.314159,0.787391
1,0.314145,0.752192
1,0.314168,0.716989
1,0.357938,0.770295
1,0.359631,0.735112
1,0.477636,0.874092
1,0.434774,0.885927
1,0.392714,0.898661
1,0.634542,0.47686
1,0.561969,0.486769
1,0.425607,0.51275
1,0.362629,0.528496
1,0.578358,0.452459
1,0.503419,0.464009
1,0.432076,0.477762
1,0.364807,0.493434
1,0.516331,0.429359
1,0.439491,0.442791
1,0.367249,0.458354
1,0.448106,0.407912
1,0.370057,0.423322
1,0.565846,0.621864
1,0.543816,0.529725
1,0.531091,0.564218
1,0.519648,0.598798
1,0.479305,0.541975
1,0.470262,0.576786
1,0.417628,0.55597
1,0.520427,1.0271
1,0.529413,0.992854
1,0.53878,0.958589
1,0.620233,0.74309
1,0.655205,0.768681
1,0.615786,0.646975
1,0.631244,0.613126
1,0.648263,0.579335
1,0.667143,0.545651
1,0.68817,0.512268
1,0.672599,0.638549
1,0.69107,0.605126
1,0.711363,0.57183
1,0.733913,0.538791
1,0.730666,0.631695
1,0.752074,0.598828
1,0.775714,0.566206
1,0.789544,0.626468
1,0.813956,0.59431
1,0.771966,0.813594
1,0.675761,0.732402
1,0.639929,0.706526
1,0.790999,0.781267
1,0.760279,0.753371
1,0.72761,0.725972
1,0.692968,0.699138
1,0.811337,0.749093
1,0.780135,0.720896
1,0.746925,0.693181
1,0.833044,0.717214
1,0.801489,0.688685
1,0.816451,0.875399
1,0.841915,0.904335
1,0.866269,0.933633
1,0.889592,0.96324
1,0.911938,0.992996
1,0.797454,0.907187
1,0.822661,0.935973
1,0.846899,0.965081
1,0.870113,0.994396
1,0.779307,0.93919
1,0.804336,0.967768
1,0.828364,0.996613
1,1.05659,0.996621
1,1.08064,0.967778
1,1.10563,0.939195
1,1.09815,0.999636
1,1.12289,0.971291
1,0.15173,1.6023
1,0.133445,1.63224
1,0.115044,1.66221
1,0.366837,1.54047
1,0.331749,1.54043
1,0.296592,1.54042
1,0.531724,1.69213
1,0.513271,1.66224
1,0.494898,1.63225
1,0.724912,1.44946
1,0.743365,1.47935
1,0.761737,1.50934
1,0.863356,1.69229
1,0.881112,1.72264
1,0.810441,1.66174
1,0.827969,1.69223
1,0.845606,1.72266
1,0.792652,1.692
1,0.810147,1.72248
1,0.889798,1.60112
1,0.924887,1.60116
1,0.960044,1.60117
1,0.995149,1.60111
1,0.907272,1.63156
1,0.942459,1.6316
1,0.97767,1.63158
1,0.924835,1.66202
1,1.15838,1.51026
1,1.17686,1.48033
1,1.17514,1.54115
1,1.1936,1.51124
1,1.21023,1.54214
1,-0.151731,1.53929
1,-0.133448,1.50935
1,-0.115046,1.47938
1,0.0934696,1.08497
1,0.0700117,1.11315
1,0.0471974,1.1416
1,0.220165,1.28425
1,0.239008,1.31426
1,0.25762,1.34439
1,0.352355,1.37456
1,0.370688,1.34439
1,0.3893,1.31426
1,0.459943,1.25163
1,0.496573,1.24687
1,0.533368,1.24247
1,0.603316,1.17022
1,0.581117,1.14161
1,0.558301,1.11315
1,0.770128,1.23003
1,0.752994,1.26112
1,0.736149,1.29234
1,0.999826,1.16361
1,0.961629,1.16308
1,0.923351,1.16306
1,1.04771,1.16498
1,1.02968,1.13403
1,1.01109,1.10315
1,0.991912,1.07238
1,0.97211,1.04185
1,1.06837,1.13543
1,1.05045,1.10426
1,1.03188,1.07319
1,1.01273,1.04232
1,1.08968,1.10601
1,1.0718,1.07467
1,1.05334,1.04349
1,1.11157,1.07684
1,1.09382,1.04537
1,1.07366,1.23087
1,1.09114,1.26176
1,1.10833,1.29278
1,1.12524,1.32391
1,1.14182,1.355
1,1.05429,1.26076
1,1.07178,1.29163
1,1.08902,1.32258
1,1.10594,1.3536
1,1.03527,1.2908
1,1.05279,1.32157
1,1.07,1.35243
1,1.01663,1.32086
1,1.0341,1.35154
1,1.11482,1.23004
1,1.18527,1.2943
1,1.16881,1.26291
1,1.22628,1.23597
1,0.85053,2.80293
1,0.858885,2.76785
1,0.942477,2.82184
1,0.94245,2.78664
1,0.942492,2.75144
1,1.03434,2.80294
1,1.02607,2.76786
1,1.42982,2.87177
1,1.34002,2.8985
1,1.22947,2.92292
1,1.09383,2.94413
1,1.30244,2.86471
1,1.20301,2.88833
1,1.08495,2.90909
1,1.18272,2.85363
1,1.07825,2.87401
1,1.07316,2.83895
1,1.17691,2.21719
1,1.16709,2.18301
1,1.15772,2.14874
1,1.14878,2.11448
1,1.20841,2.19297
1,1.19803,2.15888
1,1.18811,2.12475
1,1.23885,2.16823
1,1.22797,2.1343
1,1.26826,2.14314
1,1.34822,2.31998
1,1.31676,2.34667
1,1.28353,2.37288
1,1.24857,2.3985
1,1.3013,2.31338
1,1.26879,2.33934
1,1.23457,2.36474
1,1.25493,2.30569
1,1.2215,2.33087
1,1.20929,2.29696
1,1.3855,2.28581
1,1.33976,2.28028
1,1.29442,2.2737
1,1.24959,2.2661
1,1.20546,2.25757
1,1.36881,2.25316
1,1.32436,2.24719
1,1.28027,2.24028
1,1.23679,2.23244
1,1.353,2.22031
1,1.30972,2.21402
1,1.26691,2.20683
1,1.33799,2.18742
1,1.29586,2.18083
1,1.34382,2.69837
1,1.37156,2.73149
1,1.40389,2.76435
1,1.44202,2.79682
1,1.48762,2.82865
1,1.2863,2.72393
1,1.31092,2.75769
1,1.34017,2.79125
1,1.37519,2.82441
1,1.22177,2.74814
1,1.24223,2.78245
1,1.26674,2.81656
1,1.1497,2.77066
1,1.16438,2.80536
1,1.31647,2.62933
1,1.29546,2.59591
1,1.27659,2.56227
1,1.25954,2.52844
1,1.24412,2.49461
1,1.3622,2.60278
1,1.33971,2.56973
1,1.31934,2.53645
1,1.30092,2.50302
1,1.40403,2.57536
1,1.38038,2.54275
1,1.35896,2.50988
1,1.44224,2.54728
1,1.41788,2.51511
1,1.16317,2.05662
1,1.18662,2.02845
1,1.20944,1.99999
1,1.23164,1.97138
1,1.20265,2.06054
1,1.22561,2.03194
1,1.24793,2.00314
1,1.24234,2.06378
1,1.26476,2.03483
1,1.28207,2.06637
1,1.37951,2.00974
1,1.31905,2.03685
1,1.35823,2.03912
1,1.34797,1.81798
1,1.36447,1.84922
1,1.38128,1.88046
1,1.39845,1.91156
1,1.32801,1.84729
1,1.34446,1.87868
1,1.36124,1.91002
1,1.30767,1.87653
1,1.32406,1.90805
1,1.28699,1.90562
1,0.0797312,0.924403
1,0.0895455,0.958584
1,0.0989105,0.99285
1,-0.173174,0.269819
1,-0.0833801,0.243095
1,0.0271729,0.218669
1,0.162805,0.197464
1,-0.0458073,0.276882
1,0.0536336,0.253262
1,0.171686,0.232504
1,0.0739211,0.287969
1,0.178383,0.267586
1,0.183478,0.302648
1,0.0624873,0.621869
1,0.0490685,0.587635
1,0.0342022,0.553424
1,0.265686,0.528506
1,0.202694,0.512751
1,0.136152,0.498795
1,0.0663811,0.486765
1,-0.00621354,0.476848
1,0.263514,0.493444
1,0.196232,0.477753
1,0.124909,0.464034
1,0.0500084,0.452446
1,0.261089,0.458356
1,0.188843,0.442776
1,0.112015,0.429376
1,0.258304,0.423316
1,0.180266,0.407937
1,0.406105,0.33866
1,0.39775,0.373742
1,0.314159,0.319758
1,0.314187,0.354956
1,0.314145,0.390158
1,0.222301,0.338653
1,0.230565,0.373738
1,0.610771,0.519375
1,0.59416,0.553405
1,0.57923,0.587608
1,0.465671,0.197442
1,0.601122,0.218672
1,0.711672,0.243097
1,0.801469,0.26982
1,0.456581,0.232487
1,0.574641,0.253245
1,0.674088,0.276863
1,0.44994,0.267591
1,0.554395,0.287975
1,0.444816,0.302634
1,0.85933,0.31295
1,0.813712,0.344778
1,0.775605,0.377226
1,0.743234,0.410087
1,0.71547,0.443217
1,0.7469,0.31718
1,0.711827,0.350347
1,0.682666,0.383895
1,0.657951,0.41764
1,0.638423,0.32502
1,0.613867,0.359142
1,0.59349,0.393436
1,0.536033,0.336222
1,0.521436,0.370909
1,0.616045,0.164865
1,0.830014,0.15728
1,1.05494,0.157274
1,1.26892,0.164857
1,0.755322,0.189979
1,0.942453,0.186713
1,1.12963,0.189971
1,0.861135,0.217848
1,1.02389,0.217866
1,0.942458,0.247528
1,1.06735,0.436268
1,0.984334,0.433616
1,0.900675,0.433598
1,0.81762,0.436275
1,1.03191,0.404294
1,0.942523,0.402848
1,0.85307,0.404276
1,0.990728,0.372804
1,0.894218,0.372787
1,0.942492,0.342032
1,0.787898,0.47283
1,0.864745,0.46922
1,0.94246,0.468
1,1.02027,0.469214
1,1.09706,0.472839
1,0.832635,0.500985
1,0.905755,0.498742
1,0.97925,0.498719
1,1.05237,0.500997
1,0.872988,0.529935
1,0.94249,0.528859
1,1.01201,0.52993
1,0.909444,0.559444
1,0.975528,0.559461
1,1.05886,0.655636
1,1.02655,0.684811
1,0.996541,0.714457
1,1.03359,0.623627
1,1.00085,0.653187
1,0.970588,0.683272
1,0.942467,0.71374
1,1.00598,0.591937
1,0.972908,0.621884
1,0.942505,0.652365
1,0.914412,0.683255
1,0.888461,0.714462
1,0.942506,0.590987
1,0.912071,0.621884
1,0.884122,0.653172
1,0.858427,0.684817
1,0.879042,0.591942
1,0.851414,0.623615
1,0.826148,0.655647
1,0.873716,0.8726
1,0.919504,0.871565
1,0.96542,0.871582
1,1.24503,0.706535
1,1.20916,0.732417
1,1.11298,0.81359
1,1.19198,0.699163
1,1.15729,0.725975
1,1.12468,0.753404
1,1.09392,0.781279
1,1.138,0.693193
1,1.10481,0.720906
1,1.07361,0.749114
1,1.08348,0.688703
1,1.05188,0.717212
1,1.19681,0.512266
1,1.21781,0.545679
1,1.23668,0.579321
1,1.25373,0.61315
1,1.26915,0.646979
1,1.15108,0.538809
1,1.17356,0.57186
1,1.19394,0.60514
1,1.21235,0.638575
1,1.10924,0.566228
1,1.13289,0.59884
1,1.15431,0.631712
1,1.07103,0.594312
1,1.09539,0.626484
1,1.16946,0.443221
1,1.14171,0.4101
1,1.10938,0.377242
1,1.07125,0.344769
1,1.02566,0.312947
1,1.22697,0.417658
1,1.20236,0.383899
1,1.1731,0.35034
1,1.13809,0.317181
1,1.29151,0.393448
1,1.27104,0.359143
1,1.24653,0.325028
1,1.36357,0.370932
1,1.34889,0.336234
1,1.19061,1.0618
1,1.15053,1.05759
1,1.21548,1.03395
1,1.17481,1.02934
1,1.13394,1.02543
1,1.19996,1.00134
1,1.15842,0.99699
1,1.12778,0.855787
1,1.17351,0.861314
1,1.21885,0.867892
1,1.26369,0.875493
1,1.30781,0.884021
1,1.14446,0.88843
1,1.18892,0.894408
1,1.233,0.901314
1,1.27648,0.909149
1,1.16027,0.921279
1,1.20355,0.927574
1,1.24636,0.934763
1,1.17529,0.954173
1,1.21741,0.960762
1,1.22974,0.768709
1,1.26471,0.743089
1,1.21197,0.828209
1,1.24449,0.802255
1,1.2787,0.776853
1,1.25835,0.8359
1,1.29178,0.810724
1,1.30398,0.844634
1,1.33637,0.924403
1,1.34618,0.958585
1,1.35555,0.99285
1,1.36449,1.02712
1,1.30487,0.948626
1,1.31524,0.982713
1,1.32516,1.01685
1,1.27442,0.973361
1,1.2853,1.0073
1,1.24502,0.998454
1,1.08346,0.269819
1,1.17326,0.243095
1,1.28381,0.218668
1,1.41943,0.197463
1,1.21083,0.276882
1,1.31027,0.253262
1,1.42832,0.232503
1,1.33055,0.287968
1,1.43502,0.267584
1,1.44011,0.302646
1,1.31912,0.621868
1,1.3057,0.587635
1,1.29084,0.553423
1,1.27417,0.519381
1,1.36528,0.598811
1,1.35387,0.564253
1,1.34118,0.529731
1,1.41466,0.576786
1,1.40568,0.54197
1,1.46733,0.555979
1,-0.0871781,0.443222
1,-0.114922,0.4101
1,-0.147251,0.377242
1,-0.185383,0.344768
1,-0.230973,0.312947
1,-0.029663,0.417659
1,-0.0542759,0.383899
1,-0.0835286,0.350342
1,-0.118547,0.31718
1,0.0348717,0.393448
1,0.0144109,0.359145
1,-0.0100997,0.325028
1,0.106938,0.370934
1,0.0922573,0.336235
1,1.1869,1.74072
1,1.16793,1.77058
1,1.17017,1.70964
1,1.15121,1.73944
1,1.13207,1.76919
1,1.13465,1.70828
1,1.11551,1.73797
1,1.08205,1.5769
1,1.11709,1.5776
1,1.15221,1.57831
1,1.18735,1.57903
1,1.2224,1.57971
1,1.09891,1.60763
1,1.13402,1.60841
1,1.1692,1.60911
1,1.20431,1.60977
1,1.11582,1.63843
1,1.15101,1.63917
1,1.18617,1.63984
1,1.13276,1.66914
1,1.16799,1.66984
1,1.10491,1.53929
1,1.12319,1.50935
1,1.14159,1.47938
1,1.24929,1.53619
1,1.23298,1.50514
1,1.21655,1.47407
1,1.20004,1.44301
1,1.18344,1.41204
1,1.26813,1.50659
1,1.25185,1.47547
1,1.23543,1.44435
1,1.21892,1.41329
1,1.28707,1.47699
1,1.27083,1.44583
1,1.25443,1.41471
1,1.3061,1.44747
1,1.28987,1.41632
1,1.26398,1.6054
1,1.28029,1.63645
1,1.29672,1.66752
1,1.31323,1.69858
1,1.32983,1.72956
1,1.24515,1.63501
1,1.26142,1.66613
1,1.27785,1.69725
1,1.29435,1.7283
1,1.2262,1.6646
1,1.24245,1.69576
1,1.25885,1.72688
1,1.20718,1.69412
1,1.2234,1.72527
1,1.40837,1.6023
1,1.39008,1.63224
1,1.37168,1.66221
1,1.35324,1.69213
1,1.37327,1.60139
1,1.35489,1.63133
1,1.33642,1.66126
1,1.33813,1.60044
1,1.31967,1.63035
1,1.30304,1.59945
1,0.0580896,1.23848
1,0.0949462,1.24247
1,0.131741,1.24687
1,1.24343,1.19991
1,1.20591,1.19698
1,1.16826,1.19456
1,1.13053,1.1926
1,1.09283,1.19113
1,1.22747,1.1681
1,1.18941,1.16534
1,1.15123,1.16313
1,1.11303,1.16143
1,1.21107,1.13634
1,1.17246,1.1338
1,1.13376,1.13185
1,1.19422,1.10474
1,1.15504,1.10248
1,1.1653,1.32362
1,1.1488,1.29237
1,1.13199,1.26113
1,1.18568,1.36289
1,1.20541,1.33359
1,1.22548,1.30434
1,1.2459,1.27517
1,1.2666,1.24619
1,1.22143,1.36502
1,1.24149,1.33589
1,1.26184,1.30678
1,1.28247,1.27784
1,1.25721,1.36746
1,1.2775,1.33846
1,1.29806,1.30958
1,1.29289,1.37013
1,1.31337,1.34133
1,1.35011,1.08497
1,1.32665,1.11315
1,1.30384,1.1416
1,1.28164,1.17021
1,1.31063,1.08105
1,1.28766,1.10965
1,1.26534,1.13846
1,1.27094,1.07781
1,1.24852,1.10676
1,1.2312,1.07523
1,1.57083,2.93584
1,1.74107,2.93292
1,1.27731,2.95858
1,1.47043,2.9654
1,1.67124,2.96537
1,1.86438,2.95859
1,1.11768,2.98071
1,1.33203,2.99251
1,1.57086,2.9967
1,1.80955,2.99253
1,2.02399,2.98069
1,1.13868,3.01565
1,1.41832,3.02576
1,1.72343,3.02578
1,2.00288,3.01564
1,1.17562,3.05047
1,1.57087,3.05743
1,1.44592,2.70532
1,1.52894,2.70798
1,1.6126,2.70799
1,1.69566,2.70532
1,1.48137,2.7373
1,1.57075,2.73875
1,1.6602,2.73732
1,1.52254,2.76879
1,1.61906,2.76881
1,1.57078,2.79956
1,1.72538,2.66876
1,1.64853,2.67237
1,1.57081,2.67359
1,1.493,2.67238
1,1.96613,3.05045
1,1.68064,2.64061
1,1.60752,2.64285
1,1.53402,2.64287
1,1.46091,2.6406
1,1.64028,2.61166
1,1.57078,2.61273
1,1.50127,2.61166
1,1.60383,2.58215
1,1.53774,2.58213
1,1.68718,2.48596
1,1.66188,2.51799
1,1.6343,2.54968
1,1.6549,2.4568
1,1.62917,2.48842
1,1.60126,2.51973
1,1.57079,2.55062
1,1.62487,2.42716
1,1.59888,2.45835
1,1.57083,2.48924
1,1.54038,2.51972
1,1.50735,2.54968
1,1.57082,2.42786
1,1.54274,2.45835
1,1.51244,2.4884
1,1.47974,2.51799
1,1.51678,2.42716
1,1.48674,2.45679
1,1.45447,2.48597
1,1.47641,2.30264
1,1.52351,2.30432
1,1.57079,2.30488
1,1.61812,2.30431
1,1.66519,2.30265
1,1.49787,2.33399
1,1.54646,2.33519
1,1.59516,2.33516
1,1.64375,2.334
1,1.52069,2.36513
1,1.57081,2.36573
1,1.62093,2.36512
1,1.54496,2.39591
1,1.59665,2.39592
1,1.63956,2.26899
1,1.59377,2.27003
1,1.54785,2.27001
1,1.50204,2.269
1,1.61558,2.23924
1,1.57082,2.23972
1,1.52603,2.23922
1,1.59268,2.20917
1,1.54892,2.20915
1,1.5708,2.17891
1,1.69682,2.26619
1,1.67136,2.23726
1,1.64701,2.20796
1,1.62368,2.17835
1,1.60134,2.1486
1,1.71582,2.23441
1,1.69061,2.20562
1,1.66638,2.17651
1,1.64316,2.1472
1,1.73397,2.2024
1,1.70894,2.17382
1,1.68491,2.14498
1,1.75124,2.17032
1,1.72646,2.14197
1,1.43961,1.91073
1,1.42213,1.87984
1,1.40495,1.84881
1,1.38804,1.81768
1,1.37146,1.78659
1,1.45898,1.88083
1,1.44149,1.84997
1,1.42425,1.81901
1,1.40733,1.788
1,1.47801,1.85079
1,1.46049,1.82002
1,1.44327,1.78916
1,1.47917,1.79005
1,1.46556,1.97661
1,1.4836,2.00756
1,1.50218,2.03844
1,1.52136,2.06922
1,1.54116,2.09974
1,1.4449,2.00616
1,1.46283,2.03733
1,1.48139,2.06841
1,1.50054,2.09927
1,1.4236,2.03558
1,1.44147,2.06692
1,1.45993,2.0981
1,1.40171,2.06476
1,1.41945,2.09622
1,1.51345,1.97798
1,1.55164,1.97852
1,1.58992,1.97853
1,1.62814,1.97798
1,1.53199,2.00873
1,1.57078,2.00902
1,1.60959,2.00874
1,1.5511,2.03938
1,1.59049,2.03939
1,1.57079,2.06983
1,1.64614,1.94292
1,1.60851,1.94362
1,1.5708,1.94386
1,1.53305,1.94363
1,1.49545,1.94291
1,1.62672,1.91293
1,1.58944,1.91335
1,1.55212,1.91337
1,1.51485,1.91292
1,1.60768,1.88278
1,1.57079,1.88301
1,1.53389,1.88279
1,1.58905,1.85262
1,1.55254,1.8526
1,1.60042,2.09974
1,1.62023,2.06921
1,1.63939,2.03846
1,1.65799,2.00757
1,1.67604,1.97662
1,1.64104,2.09927
1,1.66021,2.0684
1,1.67874,2.03733
1,1.6967,2.00618
1,1.68166,2.09811
1,1.70014,2.06693
1,1.71798,2.03559
1,1.72215,2.09623
1,1.73986,2.06477
1,1.35642,0.848727
1,1.32391,0.746004
1,1.31148,0.711933
1,1.39187,0.82555
1,1.38277,0.791076
1,1.37297,0.75661
1,1.36249,0.722235
1,1.42891,0.803029
1,1.42092,0.768387
1,1.4123,0.733782
1,1.46751,0.781251
1,1.46073,0.746515
1,1.52232,0.528505
1,1.45933,0.512751
1,1.39279,0.498795
1,1.32302,0.486764
1,1.25042,0.476848
1,1.52015,0.493443
1,1.45287,0.477752
1,1.51347,1.03972
1,1.54611,1.01859
1,1.53335,0.91225
1,1.49225,0.898658
1,1.45019,0.885923
1,1.40733,0.874086
1,1.52826,0.877377
1,1.48583,0.863889
1,1.44245,0.851308
1,1.52282,0.842477
1,1.47902,0.829113
1,1.51704,0.807663
1,1.66274,0.338658
1,1.65439,0.37374
1,1.57079,0.319756
1,1.57082,0.354955
1,1.57078,0.390156
1,1.47893,0.338652
1,1.4872,0.373736
1,1.52698,0.770291
1,1.52533,0.735107
1,1.5708,0.787391
1,1.57078,0.752192
1,1.57081,0.71699
1,1.61458,0.770295
1,1.61627,0.735112
1,1.53144,1.10746
1,1.5508,1.07674
1,1.5514,1.13772
1,1.57078,1.10715
1,1.59077,1.07674
1,1.61017,1.10745
1,1.73427,0.874092
1,1.69141,0.885928
1,1.64935,0.898662
1,1.60821,0.912224
1,1.69917,0.851296
1,1.65578,0.863875
1,1.61335,0.877363
1,1.66257,0.829118
1,1.61877,0.842483
1,1.62457,0.80765
1,1.7275,0.910737
1,1.76054,0.933868
1,1.68597,0.922677
1,1.7195,0.945157
1,1.75192,0.96819
1,1.64517,0.935418
1,1.679,0.957307
1,1.71187,0.979709
1,1.74368,1.0026
1,1.60516,0.948966
1,1.63922,0.970184
1,1.67236,0.992018
1,1.70454,1.01431
1,1.73581,1.03702
1,1.60021,0.983795
1,1.63355,1.00498
1,1.66601,1.02672
1,1.69758,1.04886
1,1.59549,1.01861
1,1.62814,1.03973
1,1.65995,1.06133
1,1.61542,0.579609
1,1.6677,0.599242
1,1.71708,0.620084
1,1.76357,0.642037
1,1.80726,0.664927
1,1.61239,0.614646
1,1.66221,0.634231
1,1.70947,0.65494
1,1.7541,0.676663
1,1.6096,0.649713
1,1.60706,0.684738
1,1.65722,0.669231
1,1.70252,0.689774
1,1.6527,0.704131
1,1.43122,1.5647
1,1.39618,1.56399
1,1.36107,1.56328
1,1.32592,1.56256
1,1.29087,1.56188
1,1.41436,1.53396
1,1.37925,1.53318
1,1.34407,1.53248
1,1.34528,1.47175
1,1.30897,1.53183
1,1.36227,1.50242
1,1.3271,1.50176
1,1.38051,1.47245
1,1.39746,1.50316
1,1.37376,1.7252
1,1.39226,1.69531
1,1.41064,1.66533
1,1.42893,1.63527
1,1.4471,1.6053
1,1.40925,1.72613
1,1.42767,1.69614
1,1.44595,1.66604
1,1.46413,1.63597
1,1.44479,1.72688
1,1.46306,1.69679
1,1.48122,1.66667
1,1.48025,1.72742
1,1.49839,1.69729
1,1.54493,1.41913
1,1.52706,1.44941
1,1.50932,1.47978
1,1.49166,1.51017
1,1.47408,1.54052
1,1.50944,1.41895
1,1.49167,1.44931
1,1.47403,1.47976
1,1.45648,1.51018
1,1.47393,1.41893
1,1.45627,1.44936
1,1.43878,1.47985
1,1.43846,1.41909
1,1.421,1.44958
1,1.64293,1.75903
1,1.62524,1.78991
1,1.60735,1.82072
1,1.62463,1.72858
1,1.6069,1.75939
1,1.58898,1.79019
1,1.57079,1.82089
1,1.6065,1.69807
1,1.58875,1.72879
1,1.57081,1.75951
1,1.55264,1.79018
1,1.53428,1.82073
1,1.57081,1.69813
1,1.55286,1.72879
1,1.53471,1.75938
1,1.51637,1.78992
1,1.53513,1.69808
1,1.517,1.72857
1,1.4987,1.75904
1,1.50062,1.57512
1,1.53567,1.57515
1,1.57079,1.57515
1,1.60595,1.57514
1,1.64097,1.57513
1,1.51809,1.60554
1,1.55322,1.6056
1,1.58839,1.60558
1,1.62353,1.60555
1,1.53562,1.63599
1,1.5708,1.63601
1,1.606,1.63598
1,1.55319,1.66633
1,1.58842,1.66635
1,1.62348,1.54047
1,1.58839,1.54043
1,1.55323,1.54042
1,1.51812,1.54048
1,1.606,1.51003
1,1.57081,1.51
1,1.5356,1.51002
1,1.34534,1.37102
1,1.32637,1.40087
1,1.33653,1.20766
1,1.32139,1.17556
1,1.37373,1.2119
1,1.35903,1.17958
1,1.34397,1.14731
1,1.41082,1.21663
1,1.39668,1.18408
1,1.38211,1.1516
1,1.36718,1.11921
1,1.44778,1.22178
1,1.43417,1.18911
1,1.42021,1.15641
1,1.40583,1.12381
1,1.391,1.09134
1,1.47147,1.19459
1,1.45806,1.16177
1,1.44429,1.12897
1,1.49565,1.16762
1,1.48248,1.1347
1,1.46893,1.10184
1,1.4768,1.28425
1,1.49565,1.31426
1,1.51426,1.34439
1,1.53259,1.37456
1,1.45935,1.31506
1,1.47822,1.34504
1,1.49683,1.3751
1,1.44218,1.34599
1,1.46103,1.3759
1,1.42529,1.37693
1,1.58878,1.34325
1,1.5528,1.34323
1,1.60709,1.31304
1,1.57079,1.3129
1,1.53449,1.31305
1,1.62573,1.28291
1,1.58912,1.28252
1,1.55246,1.28255
1,1.51584,1.2829
1,1.64469,1.25285
1,1.60779,1.25226
1,1.57079,1.25204
1,1.53381,1.25225
1,1.49688,1.25286
1,1.6268,1.22213
1,1.58948,1.2217
1,1.5521,1.22168
1,1.5148,1.22213
1,1.60852,1.19153
1,1.57079,1.19131
1,1.53305,1.19154
1,1.60899,1.37456
1,1.62733,1.34439
1,1.64594,1.31426
1,1.66483,1.28426
1,1.64475,1.37512
1,1.66336,1.34506
1,1.68224,1.31508
1,1.68056,1.3759
1,1.69941,1.34599
1,1.7163,1.37695
1,1.77156,2.35553
1,1.80358,2.38262
1,1.83751,2.40919
1,1.87334,2.43507
1,1.753,2.38822
1,1.78566,2.41562
1,1.82031,2.44245
1,1.70194,2.3925
1,1.73314,2.4207
1,1.76635,2.44841
1,1.68023,2.42438
1,1.71178,2.45291
1,1.89749,2.49462
1,1.88203,2.52847
1,1.86501,2.56226
1,1.84613,2.59594
1,1.8251,2.62933
1,1.84067,2.50304
1,1.8222,2.53647
1,1.80191,2.56976
1,1.77936,2.6028
1,1.78261,2.5099
1,1.7612,2.54276
1,1.73756,2.57539
1,1.72373,2.51512
1,1.69932,2.54728
1,1.65395,2.82864
1,1.69956,2.79681
1,1.73767,2.76437
1,1.77004,2.73151
1,1.7978,2.69838
1,1.76638,2.82441
1,1.80145,2.79125
1,1.83061,2.7577
1,1.85532,2.72395
1,1.87485,2.81657
1,1.89941,2.78245
1,1.91979,2.74816
1,1.97724,2.80537
1,1.99184,2.77068
1,1.93614,2.25758
1,1.892,2.26611
1,1.84719,2.2737
1,1.80184,2.28027
1,1.75609,2.28579
1,1.90481,2.23245
1,1.86131,2.24027
1,1.81725,2.24721
1,1.77279,2.25314
1,1.87469,2.20683
1,1.83187,2.214
1,1.78861,2.22032
1,1.84574,2.18082
1,1.80364,2.18743
1,1.89304,2.3985
1,1.85807,2.37291
1,1.82488,2.34668
1,1.79337,2.31999
1,1.90701,2.36476
1,1.87284,2.33936
1,1.84032,2.31338
1,1.92008,2.33088
1,1.88668,2.30568
1,1.93231,2.29696
1,1.99285,2.1145
1,1.98386,2.14874
1,1.97449,2.183
1,1.96468,2.21718
1,1.95349,2.12473
1,1.94358,2.15886
1,1.9332,2.19295
1,1.91362,2.1343
1,1.90273,2.16823
1,1.87335,2.14313
1,2.04761,2.94415
1,1.91216,2.92292
1,1.8016,2.8985
1,1.71181,2.87177
1,2.0567,2.90911
1,1.93864,2.88835
1,1.83919,2.86473
1,2.06334,2.874
1,1.95888,2.85362
1,2.06846,2.83896
1,1.9025,2.62222
1,1.91911,2.58819
1,1.93404,2.55398
1,1.94743,2.51973
1,1.78333,2.03913
1,1.82252,2.03684
1,1.74315,1.91156
1,1.76028,1.88048
1,1.77712,1.84925
1,1.79361,1.81798
1,1.78033,1.91002
1,1.79711,1.87871
1,1.8136,1.84731
1,1.81752,1.90804
1,1.83394,1.87654
1,1.8546,1.90563
1,1.82828,2.14028
1,1.78674,2.1446
1,1.8438,2.10764
1,1.80313,2.11227
1,1.76226,2.11615
1,1.81893,2.07982
1,1.77886,2.084
1,1.89492,1.89541
1,1.87421,1.86642
1,1.8538,1.83727
1,1.83375,1.80801
1,1.81401,1.7787
1,1.91078,1.86376
1,1.89015,1.8348
1,1.8698,1.80572
1,1.84977,1.77657
1,1.92638,1.83202
1,1.90583,1.80313
1,1.88553,1.77416
1,1.9417,1.80026
1,1.92121,1.77149
1,1.90996,1.97137
1,1.93216,1.99998
1,1.95497,2.02844
1,1.9784,2.05665
1,1.89365,2.00312
1,1.91596,2.03193
1,1.93892,2.06053
1,1.87684,2.03483
1,1.89926,2.06378
1,1.85951,2.06636
1,1.89118,0.476859
1,1.81861,0.486767
1,1.74884,0.498782
1,1.68224,0.512748
1,1.61926,0.528496
1,1.83499,0.452458
1,1.76006,0.464008
1,1.68871,0.477761
1,1.62144,0.493434
1,1.77297,0.429358
1,1.69613,0.44279
1,1.62389,0.458353
1,1.70474,0.407911
1,1.62669,0.423321
1,1.83013,0.711936
1,1.8177,0.745995
1,1.78516,0.848723
1,1.77914,0.722224
1,1.76859,0.756593
1,1.75883,0.791085
1,1.74971,0.825544
1,1.72928,0.733766
1,1.72069,0.76839
1,1.71269,0.803021
1,1.68084,0.746486
1,1.6741,0.781243
1,1.86741,0.519374
1,1.8508,0.553404
1,1.83587,0.587607
1,1.82248,0.621864
1,1.80046,0.529725
1,1.78773,0.564217
1,1.77629,0.598798
1,1.73594,0.541975
1,1.7269,0.576786
1,1.67427,0.555969
1,1.72231,0.197441
1,1.85776,0.218671
1,1.96831,0.243097
1,2.0581,0.26982
1,1.71322,0.232486
1,1.83128,0.253244
1,1.93072,0.276863
1,1.70657,0.26759
1,1.81103,0.287975
1,1.70145,0.302632
1,1.77706,1.0271
1,1.78605,0.992855
1,1.79542,0.958589
1,1.80523,0.924409
1,1.81642,1.01686
1,1.82633,0.982732
1,1.83671,0.948645
1,1.8563,1.00729
1,1.86718,0.97336
1,1.89656,0.998467
1,1.87687,0.743091
1,1.91184,0.768681
1,1.8629,0.776833
1,1.89707,0.80223
1,1.92959,0.828212
1,1.84983,0.810713
1,1.88323,0.835914
1,1.8376,0.844627
1,1.83377,0.884012
1,1.87791,0.875486
1,1.92272,0.86789
1,1.96807,0.861325
1,2.01382,0.855799
1,1.8651,0.909143
1,1.9086,0.901318
1,1.95266,0.894387
1,1.99712,0.888451
1,1.89522,0.934767
1,1.93804,0.927589
1,1.9813,0.921269
1,1.92417,0.960775
1,1.96627,0.954163
1,2.11597,0.312949
1,2.07035,0.344778
1,2.03224,0.377225
1,1.99987,0.410086
1,1.97211,0.443217
1,2.00354,0.31718
1,1.96847,0.350347
1,1.9393,0.383894
1,1.91459,0.417639
1,1.89506,0.32502
1,1.87051,0.35914
1,1.85013,0.393435
1,1.79267,0.336221
1,1.77807,0.370907
1,1.94163,1.00132
1,1.98317,0.996994
1,1.92612,1.03396
1,1.96678,1.02932
1,2.00765,1.02544
1,1.95098,1.06177
1,1.99105,1.0576
1,1.87242,0.646975
1,1.88788,0.613125
1,1.9049,0.579335
1,1.92378,0.54565
1,1.94481,0.512267
1,1.92924,0.638549
1,1.94771,0.605125
1,1.968,0.571829
1,1.99055,0.53879
1,1.98731,0.631695
1,2.00871,0.598828
1,2.03235,0.566206
1,2.04618,0.626467
1,2.0706,0.594309
1,2.0286,0.813594
1,1.9324,0.732402
1,1.89657,0.706526
1,2.04764,0.781267
1,2.01692,0.75337
1,1.98425,0.725972
1,1.94961,0.699138
1,2.06797,0.749093
1,2.03677,0.720895
1,2.00356,0.693181
1,2.08968,0.717213
1,2.05813,0.688685
1,1.87268,0.164864
1,2.08665,0.15728
1,2.31158,0.157274
1,2.52556,0.164858
1,2.01196,0.189978
1,2.19909,0.186713
1,2.11777,0.217847
1,2.28052,0.217866
1,2.19909,0.247528
1,2.23589,0.49872
1,2.309,0.500997
1,2.12963,0.529935
1,2.19913,0.528859
1,2.26865,0.529931
1,2.16608,0.559444
1,2.23217,0.559462
1,2.42609,0.443222
1,2.39835,0.4101
1,2.36602,0.377242
1,2.32789,0.344769
1,2.2823,0.312947
1,2.48361,0.417659
1,2.459,0.3839
1,2.42974,0.350341
1,2.39473,0.31718
1,2.54814,0.393449
1,2.52768,0.359145
1,2.50317,0.325028
1,2.62021,0.370934
1,2.60553,0.336236
1,2.97894,0.197442
1,3.11439,0.218672
1,-3.05824,0.243097
1,1.69451,1.6053
1,1.71267,1.6353
1,1.73094,1.66531
1,1.74935,1.69533
1,1.76783,1.7252
1,1.67749,1.63598
1,1.69564,1.66607
1,1.71395,1.69614
1,1.73235,1.72616
1,1.66037,1.66669
1,1.67854,1.6968
1,1.69682,1.7269
1,1.64322,1.69729
1,1.66133,1.72743
1,1.78836,1.69213
1,1.76991,1.66224
1,1.75154,1.63225
1,1.73322,1.60231
1,1.80517,1.66128
1,1.78672,1.63136
1,1.76834,1.60139
1,1.8219,1.63036
1,1.80347,1.60043
1,1.83855,1.59946
1,1.85072,1.56189
1,1.81566,1.56256
1,1.78054,1.56328
1,1.74543,1.56398
1,1.71037,1.56468
1,1.83263,1.53183
1,1.79751,1.53248
1,1.76235,1.5332
1,1.72725,1.53394
1,1.8145,1.50175
1,1.77933,1.50241
1,1.74415,1.50317
1,1.79632,1.47174
1,1.76111,1.47246
1,1.81175,1.72955
1,1.82835,1.69859
1,1.84486,1.66754
1,1.86131,1.63645
1,1.87762,1.60541
1,1.84722,1.72831
1,1.86376,1.69727
1,1.88017,1.66612
1,1.89645,1.63501
1,1.88275,1.7269
1,1.89913,1.69576
1,1.91539,1.66461
1,1.91819,1.7253
1,1.9344,1.69412
1,1.95817,1.41204
1,1.94156,1.443
1,1.92505,1.47405
1,1.9086,1.50514
1,1.89229,1.53619
1,1.92269,1.41328
1,1.90615,1.44433
1,1.88974,1.47548
1,1.87346,1.50658
1,1.88716,1.41469
1,1.87078,1.44584
1,1.85453,1.47699
1,1.85172,1.41629
1,1.83551,1.44747
1,2.00952,1.76919
1,1.97363,1.77059
1,2.02606,1.73798
1,1.99037,1.73945
1,1.95469,1.74071
1,2.00695,1.70828
1,1.97143,1.70963
1,1.91919,1.5797
1,1.95425,1.57903
1,1.98937,1.57831
1,2.02449,1.57761
1,2.05954,1.57691
1,1.93728,1.60976
1,1.9724,1.60911
1,2.00756,1.60839
1,2.04267,1.60765
1,1.95541,1.63984
1,1.99059,1.63919
1,2.02576,1.63842
1,1.97359,1.66986
1,2.0088,1.66913
1,1.98155,1.44946
1,2,1.47935
1,2.01838,1.50934
1,2.03669,1.53928
1,1.96475,1.48031
1,1.98319,1.51023
1,2.00157,1.5402
1,1.94801,1.51123
1,1.96644,1.54117
1,1.93136,1.54213
1,1.82022,1.17558
1,1.80503,1.20766
1,1.79761,1.14732
1,1.78256,1.17959
1,1.76787,1.21192
1,1.77442,1.11922
1,1.75945,1.1516
1,1.74493,1.18411
1,1.73076,1.21664
1,1.75057,1.09135
1,1.73579,1.12381
1,1.72138,1.15643
1,1.7074,1.1891
1,1.69382,1.2218
1,1.71149,1.0963
1,1.69731,1.12899
1,1.68351,1.16178
1,1.67013,1.19459
1,1.67265,1.10185
1,1.65911,1.13472
1,1.64594,1.16764
1,1.71658,1.25163
1,1.75321,1.24687
1,1.79001,1.24247
1,1.82686,1.23849
1,1.73917,1.27934
1,1.77557,1.2748
1,1.81207,1.27063
1,1.76143,1.30721
1,1.79757,1.30289
1,1.78332,1.33514
1,1.79628,1.371
1,1.81522,1.40088
1,1.76039,1.37241
1,1.77954,1.40215
1,1.79848,1.43196
1,1.74385,1.40361
1,1.76297,1.43331
1,1.85995,1.17022
1,1.83775,1.14161
1,1.81494,1.11315
1,1.79151,1.08494
1,1.87627,1.13847
1,1.85395,1.10967
1,1.83099,1.08107
1,1.89307,1.10676
1,1.87065,1.07781
1,1.91041,1.07524
1,1.87499,1.24618
1,1.8957,1.27518
1,1.91611,1.30432
1,1.93617,1.33359
1,1.9559,1.36289
1,1.85913,1.27784
1,1.87976,1.30679
1,1.90012,1.33587
1,1.92014,1.36502
1,1.86408,1.33847
1,1.88438,1.36744
1,1.82821,1.34133
1,1.8487,1.3701
1,2.04877,1.19114
1,2.01107,1.19261
1,1.97336,1.19456
1,1.93567,1.19698
1,1.89817,1.1999
1,2.02858,1.16145
1,1.99037,1.16311
1,1.95217,1.16534
1,1.91413,1.16809
1,2.00785,1.13184
1,1.96913,1.13381
1,1.93053,1.13635
1,1.98658,1.10246
1,1.94739,1.10475
1,2.02677,1.23003
1,2.00963,1.26112
1,1.99279,1.29234
1,1.9763,1.32361
1,1.98958,1.23157
1,1.9728,1.26288
1,1.95631,1.29429
1,1.9524,1.23356
1,1.93597,1.26505
1,1.91532,1.23596
1,1.93978,2.42966
1,1.95221,2.3956
1,1.9638,2.36141
1,1.97465,2.32712
1,1.98475,2.29287
1,1.99077,2.41937
1,2.00132,2.385
1,2.04063,2.40783
1,2.01934,2.05024
1,2.08907,2.3951
1,2.09581,2.36035
1,1.87873,2.66473
1,1.95131,2.65482
1,2.02107,2.64281
1,2.08767,2.62884
1,2.15065,2.6131
1,1.93492,2.68913
1,2.00986,2.67758
1,2.0812,2.66383
1,2.14847,2.64816
1,1.99694,2.71223
1,2.07379,2.6988
1,2.14603,2.68324
1,2.06517,2.73368
1,2.14322,2.71827
1,2.15449,2.56198
1,2.10221,2.54235
1,2.05283,2.52151
1,2.00635,2.49955
1,1.96265,2.47666
1,2.15752,2.52694
1,2.1077,2.50736
1,2.06044,2.48665
1,2.01581,2.46493
1,2.16031,2.49188
1,2.11269,2.47236
1,2.06739,2.45182
1,2.16285,2.45685
1,2.11722,2.43746
1,2.04242,2.23086
1,2.00938,2.20772
1,2.08394,2.21891
1,2.05041,2.19644
1,2.01799,2.1734
1,2.12474,2.20617
1,2.09091,2.18429
1,2.05804,2.16188
1,2.02623,2.13899
1,2.16476,2.19263
1,2.13069,2.17141
1,2.09755,2.14957
1,2.06537,2.12728
1,2.03411,2.10457
1,2.1697,2.1578
1,2.13636,2.13661
1,2.1039,2.11487
1,2.07233,2.09273
1,2.17442,2.12298
1,2.14177,2.10187
1,2.10996,2.08026
1,2.03564,2.2675
1,2.0785,2.25566
1,2.12056,2.24293
1,2.1617,2.22937
1,2.07074,2.2903
1,2.11413,2.27772
1,2.15656,2.26423
1,2.10734,2.31247
1,2.15114,2.29911
1,2.14534,2.33394
1,2.10717,2.80293
1,2.11553,2.76785
1,2.19912,2.82184
1,2.19909,2.78664
1,2.19913,2.75144
1,2.29098,2.80294
1,2.28272,2.76786
1,2.24293,2.3713
1,2.24458,2.40648
1,2.19911,2.3542
1,2.19913,2.3894
1,2.1991,2.4246
1,2.15534,2.3713
1,2.15364,2.40648
1,2.45079,2.51972
1,2.46421,2.55396
1,2.47908,2.58817
1,2.68646,2.87177
1,2.59666,2.8985
1,2.48611,2.92292
1,2.35048,2.94413
1,2.55909,2.86471
1,2.45965,2.88833
1,2.34159,2.90909
1,2.43935,2.85362
1,2.3349,2.87401
1,2.3298,2.83895
1,2.75268,2.90489
1,2.90227,2.9049
1,2.65725,2.93293
1,2.82747,2.93584
1,2.99771,2.93292
1,2.53395,2.95858
1,2.72707,2.96539
1,2.92788,2.96537
1,3.12102,2.95859
1,2.37432,2.98071
1,2.58867,2.99251
1,2.8275,2.9967
1,3.06619,2.99253
1,-3.00257,2.98069
1,2.39531,3.01565
1,2.67495,3.02576
1,2.98007,3.02578
1,-3.02367,3.01564
1,2.43226,3.05046
1,2.82751,3.05743
1,-3.06041,3.05045
1,2.05333,1.88996
1,2.0167,1.89472
1,1.97991,1.89912
1,1.94305,1.9031
1,2.03074,1.86225
1,1.99434,1.86679
1,1.95784,1.87096
1,2.00848,1.83439
1,1.97234,1.8387
1,1.98659,1.80645
1,1.9497,1.96601
1,1.96488,1.93393
1,1.97231,1.99427
1,1.98735,1.96201
1,2.00204,1.92967
1,1.99549,2.02237
1,2.01046,1.98999
1,2.02498,1.95748
1,2.03915,1.92496
1,2.03413,2.01778
1,2.04853,1.98517
1,2.06251,1.95249
1,2.0761,1.9198
1,2.05842,2.0453
1,2.0726,2.01261
1,2.08641,1.97981
1,2.09978,1.947
1,2.09726,2.03974
1,2.1108,2.00688
1,2.12397,1.97396
1,2.16092,1.76704
1,2.14259,1.7972
1,2.12397,1.82733
1,2.10509,1.85734
1,2.12516,1.76647
1,2.10655,1.79653
1,2.08768,1.82651
1,2.08935,1.76569
1,2.07051,1.79561
1,2.05361,1.76465
1,2.07309,0.875399
1,2.09855,0.904335
1,2.12291,0.933633
1,2.14623,0.96324
1,2.16857,0.992996
1,2.05409,0.907187
1,2.0793,0.935973
1,2.10353,0.965081
1,2.12675,0.994396
1,2.03594,0.93919
1,2.06097,0.967769
1,2.085,0.996613
1,2.01867,0.971277
1,2.04345,0.99962
1,2.32399,0.436269
1,2.24097,0.433616
1,2.15732,0.433597
1,2.07426,0.436274
1,2.28854,0.404295
1,2.19916,0.402848
1,2.10971,0.404276
1,2.24737,0.372804
1,2.15086,0.372787
1,2.19913,0.342031
1,2.04454,0.472829
1,2.12138,0.469219
1,2.1991,0.468001
1,2.27691,0.469214
1,2.35369,0.47284
1,2.08927,0.500984
1,2.16239,0.498743
1,2.3155,0.655637
1,2.28319,0.684811
1,2.25318,0.714458
1,2.29023,0.623628
1,2.25749,0.653187
1,2.22723,0.683272
1,2.19911,0.71374
1,2.26262,0.591938
1,2.22955,0.621884
1,2.19915,0.652366
1,2.17105,0.683255
1,2.1451,0.714462
1,2.19915,0.590987
1,2.16871,0.621884
1,2.14076,0.65317
1,2.11507,0.684816
1,2.13568,0.591942
1,2.10805,0.623615
1,2.08279,0.655646
1,2.2935,0.838952
1,2.2464,0.837273
1,2.19913,0.836716
1,2.15179,0.83728
1,2.10472,0.838941
1,2.27204,0.807604
1,2.22345,0.806405
1,2.17475,0.806429
1,2.12616,0.807595
1,2.24922,0.776463
1,2.1991,0.775858
1,2.14898,0.77647
1,2.22495,0.745685
1,2.17326,0.745668
1,2.13035,0.8726
1,2.17614,0.871565
1,2.22206,0.871582
1,2.26787,0.872592
1,2.15433,0.902356
1,2.19909,0.901869
1,2.24388,0.902374
1,2.17724,0.932422
1,2.22099,0.93244
1,2.19911,0.962686
1,2.22964,0.992993
1,2.252,0.96323
1,2.2753,0.933647
1,2.29968,0.904349
1,2.32515,0.875406
1,2.27147,0.994395
1,2.29471,0.965077
1,2.3189,0.935969
1,2.34415,0.907209
1,2.31322,0.996621
1,2.33727,0.967778
1,2.36226,0.939195
1,2.35479,0.999636
1,2.37953,0.97129
1,2.50167,0.706535
1,2.4658,0.732417
1,2.36961,0.81359
1,2.44861,0.699162
1,2.41393,0.725976
1,2.38132,0.753404
1,2.35056,0.78128
1,2.39464,0.693193
1,2.36144,0.720907
1,2.33025,0.749115
1,2.34012,0.688704
1,2.30852,0.717212
1,2.45344,0.512266
1,2.47445,0.545679
1,2.49332,0.579322
1,2.51037,0.61315
1,2.52579,0.646979
1,2.40771,0.538809
1,2.4302,0.57186
1,2.45058,0.605141
1,2.46899,0.638575
1,2.36588,0.566228
1,2.38953,0.598842
1,2.41095,0.631712
1,2.32767,0.594313
1,2.35203,0.626484
1,2.48964,0.901314
1,2.53312,0.909149
1,2.41691,0.921279
1,2.46019,0.927573
1,2.503,0.934763
1,2.43192,0.954172
1,2.47405,0.960761
1,2.48638,0.768709
1,2.52134,0.743089
1,2.46861,0.828209
1,2.50113,0.802255
1,2.53534,0.776852
1,2.51499,0.8359
1,2.54841,0.810724
1,2.56062,0.844634
1,2.593,0.924403
1,2.60282,0.958584
1,2.61218,0.99285
1,2.3401,0.26982
1,2.42989,0.243095
1,2.54044,0.218669
1,2.67607,0.197464
1,2.46746,0.276882
1,2.5669,0.253263
1,2.68495,0.232504
1,2.58719,0.287969
1,2.69165,0.267585
1,2.69675,0.302648
1,2.57576,0.621869
1,2.56234,0.587635
1,2.54748,0.553423
1,2.53081,0.519382
1,2.62192,0.598811
1,3.07524,0.486769
1,3.00548,0.498783
1,2.93888,0.51275
1,2.8759,0.528496
1,3.09163,0.45246
1,3.01669,0.464009
1,2.94535,0.477761
1,2.87808,0.493435
1,3.0296,0.429358
1,2.95276,0.442791
1,2.88052,0.458355
1,2.96138,0.407912
1,2.88333,0.423322
1,3.12404,0.519375
1,3.10743,0.553405
1,3.0925,0.587608
1,-2.96845,0.26982
1,2.96985,0.232486
1,3.08791,0.253245
1,-3.09583,0.276863
1,2.96321,0.267591
1,3.06766,0.287975
1,2.95808,0.302633
1,3.0337,1.0271
1,3.04269,0.992854
1,3.05205,0.958589
1,2.07541,1.53629
1,2.05725,1.5063
1,2.03897,1.47628
1,2.02056,1.44626
1,2.00208,1.41639
1,2.09243,1.50561
1,2.07427,1.47552
1,2.05596,1.44545
1,2.03756,1.41543
1,2.10954,1.47491
1,2.09137,1.44479
1,2.07309,1.4147
1,2.12669,1.4443
1,2.10858,1.41416
1,2.10241,1.60107
1,2.11998,1.63141
1,2.13763,1.6618
1,2.15538,1.6922
1,2.17324,1.72246
1,2.08481,1.63139
1,2.10232,1.66184
1,2.11999,1.69229
1,2.13775,1.72264
1,2.06708,1.66174
1,2.08461,1.69223
1,2.10225,1.72266
1,2.04929,1.692
1,2.06678,1.72248
1,2.14644,1.60112
1,2.18153,1.60116
1,2.21668,1.60117
1,2.25179,1.60111
1,2.16391,1.63156
1,2.1991,1.6316
1,2.23431,1.63158
1,2.18147,1.66202
1,2.21676,1.66204
1,2.19911,1.69241
1,2.36154,1.53929
1,2.37983,1.50935
1,2.39823,1.47938
1,2.60988,1.69213
1,2.59305,1.66126
1,2.57631,1.63035
1,2.88011,1.54047
1,2.84502,1.54043
1,2.80987,1.54042
1,3.045,1.69213
1,3.02655,1.66224
1,3.00817,1.63225
1,1.99977,1.35499
1,2.01637,1.32389
1,2.03326,1.29279
1,2.05046,1.26173
1,2.06794,1.23087
1,2.03565,1.35357
1,2.0526,1.32257
1,2.0698,1.29159
1,2.08732,1.26074
1,2.07161,1.35242
1,2.08881,1.32156
1,2.10633,1.29078
1,2.10748,1.35152
1,2.12498,1.32086
1,2.16949,1.04186
1,2.14968,1.07238
1,2.13052,1.10314
1,2.11192,1.13402
1,2.09387,1.16498
1,2.12887,1.04232
1,2.30435,1.16498
1,2.28631,1.13403
1,2.26772,1.10315
1,2.24855,1.07237
1,2.22875,1.04185
1,2.32501,1.13543
1,2.30708,1.10426
1,2.28852,1.07319
1,2.26937,1.04232
1,2.34631,1.10601
1,2.32844,1.07467
1,2.30998,1.04349
1,2.36821,1.07684
1,2.35046,1.04537
1,2.42194,1.32362
1,2.40544,1.29237
1,2.38863,1.26113
1,2.60674,1.08497
1,2.58329,1.11315
1,2.56047,1.1416
1,2.57136,1.23848
1,2.60822,1.24247
1,2.64502,1.24687
1,2.73344,1.28425
1,2.75228,1.31426
1,2.77089,1.34439
1,2.86563,1.37456
1,2.88396,1.34439
1,2.90257,1.31426
1,2.97322,1.25163
1,3.00985,1.24687
1,3.04664,1.24247
1,2.23656,2.22934
1,2.27766,2.24293
1,2.31972,2.25567
1,2.36258,2.26751
1,2.24165,2.26421
1,2.28408,2.2777
1,2.32746,2.29028
1,2.24709,2.29911
1,2.29089,2.31248
1,2.25287,2.33393
1,2.38886,2.20775
1,2.35579,2.23085
1,2.38021,2.17341
1,2.34781,2.19644
1,2.31428,2.21893
1,2.372,2.13901
1,2.34015,2.16187
1,2.30733,2.18431
1,2.27347,2.20617
1,2.3641,2.10457
1,2.33288,2.12729
1,2.30066,2.14959
1,2.26754,2.17139
1,2.23347,2.19265
1,2.32589,2.09273
1,2.29433,2.11489
1,2.26185,2.13661
1,2.22854,2.1578
1,2.28825,2.08027
1,2.25645,2.10188
1,2.2238,2.123
1,2.43559,2.47667
1,2.39191,2.49955
1,2.34542,2.52149
1,2.296,2.54235
1,2.24373,2.56197
1,2.38245,2.46493
1,2.33778,2.48663
1,2.29053,2.50737
1,2.24071,2.52694
1,2.33085,2.4518
1,2.28556,2.47237
1,2.23794,2.49188
1,2.28104,2.43743
1,2.23541,2.45686
1,2.24759,2.61309
1,2.31058,2.62884
1,2.37713,2.6428
1,2.4469,2.65483
1,2.51949,2.66474
1,2.24976,2.64815
1,2.31705,2.66384
1,2.38837,2.67756
1,2.46327,2.68915
1,2.25219,2.68324
1,2.32443,2.69882
1,2.40126,2.71222
1,2.25497,2.71828
1,2.33302,2.73366
1,2.41349,2.29286
1,2.42359,2.32713
1,2.43443,2.36138
1,2.446,2.39559
1,2.45843,2.42966
1,2.39694,2.38498
1,2.40742,2.41936
1,2.35761,2.40781
1,2.3024,2.36034
1,2.30918,2.39508
1,2.49574,2.62221
1,2.40463,2.54278
1,2.41604,2.57734
1,2.42873,2.61186
1,2.35525,2.5648
1,2.36423,2.59962
1,2.30258,2.58561
1,2.43354,2.21719
1,2.42373,2.18301
1,2.41436,2.14874
1,2.40542,2.11448
1,2.46505,2.19297
1,2.45467,2.15888
1,2.44475,2.12475
1,2.49549,2.16823
1,2.48461,2.1343
1,2.52489,2.14314
1,2.60486,2.31998
1,2.57339,2.34667
1,2.54017,2.37288
1,2.60046,2.69837
1,2.6282,2.73149
1,2.66053,2.76435
1,2.69867,2.79682
1,2.74426,2.82865
1,2.54294,2.72393
1,2.56756,2.75769
1,2.59681,2.79125
1,2.63183,2.82441
1,2.47841,2.74814
1,2.49887,2.78245
1,2.52338,2.81657
1,2.40634,2.77066
1,2.42102,2.80536
1,2.57311,2.62933
1,2.5521,2.59591
1,2.53323,2.56227
1,2.51618,2.52844
1,2.50076,2.49461
1,2.61884,2.60278
1,2.59635,2.56973
1,2.57597,2.53645
1,2.55756,2.50302
1,2.66067,2.57536
1,2.63702,2.54275
1,2.6156,2.50988
1,2.69888,2.54728
1,2.67452,2.51511
1,2.70256,2.70532
1,2.78558,2.70798
1,2.86924,2.70799
1,2.9523,2.70532
1,2.73801,2.7373
1,2.82739,2.73874
1,2.91684,2.73732
1,2.77918,2.76879
1,2.8757,2.76881
1,2.82742,2.79956
1,2.94382,2.48596
1,2.91852,2.51799
1,2.89094,2.54968
1,2.91154,2.4568
1,2.88581,2.48842
1,2.8962,2.26899
1,2.85041,2.27003
1,2.80449,2.27001
1,2.23847,2.03413
1,2.21911,2.06486
1,2.21851,2.00388
1,2.19913,2.03444
1,2.17915,2.06486
1,2.17975,2.00388
1,2.15974,2.03414
1,2.18114,1.79834
1,2.21711,1.79836
1,2.16282,1.82855
1,2.19912,1.82869
1,2.23543,1.82854
1,2.14418,1.85869
1,2.1808,1.85907
1,2.21745,1.85905
1,2.25407,1.8587
1,2.12522,1.88875
1,2.16212,1.88933
1,2.19912,1.88955
1,2.23611,1.88935
1,2.27303,1.88873
1,2.14311,1.91947
1,2.18043,1.91989
1,2.21781,1.91991
1,2.25512,1.91946
1,2.16139,1.95006
1,2.19912,1.95028
1,2.23686,1.95005
1,2.29311,1.85734
1,2.27427,1.82733
1,2.25565,1.7972
1,2.23732,1.76704
1,2.31056,1.82654
1,2.27308,1.7665
1,2.32773,1.7956
1,2.30888,1.76569
1,2.34462,1.76466
1,2.43338,1.93394
1,2.44852,1.96604
1,2.39619,1.92969
1,2.41089,1.96202
1,2.42594,1.99429
1,2.3591,1.92497
1,2.37323,1.95751
1,2.3878,1.99
1,2.40274,2.02239
1,2.32213,1.91982
1,2.33574,1.95248
1,2.3497,1.98518
1,2.36409,2.01778
1,2.37891,2.05025
1,2.29844,1.947
1,2.31185,1.97982
1,2.32562,2.01263
1,2.33982,2.04529
1,2.27426,1.97398
1,2.28744,2.00689
1,2.30099,2.03976
1,2.45518,1.90311
1,2.41833,1.89913
1,2.38153,1.89473
1,2.4198,2.05662
1,2.44326,2.02845
1,2.46608,1.99999
1,2.60461,1.81798
1,2.62111,1.84922
1,2.63792,1.88046
1,2.44724,1.0618
1,2.40717,1.05759
1,2.47211,1.03395
1,2.43145,1.02934
1,2.39058,1.02543
1,2.4566,1.00134
1,2.41506,0.99699
1,2.38441,0.855787
1,2.43015,0.861314
1,2.47549,0.867892
1,2.52032,0.875493
1,2.56445,0.88402
1,2.4011,0.88843
1,2.44555,0.894407
1,2.62113,1.02712
1,2.5615,0.948626
1,2.57188,0.982712
1,2.5818,1.01685
1,2.53106,0.973361
1,2.54194,1.00729
1,2.50165,0.998454
1,2.61306,0.848726
1,2.58055,0.746004
1,2.56812,0.711933
1,2.64851,0.825549
1,2.63941,0.791075
1,2.62961,0.756609
1,2.61912,0.722235
1,2.68554,0.803028
1,2.67756,0.768387
1,2.66894,0.733782
1,2.72415,0.781251
1,2.71737,0.746515
1,2.59096,0.664918
1,2.63464,0.642038
1,2.68113,0.620101
1,2.73055,0.599241
1,2.78281,0.579619
1,2.6441,0.676658
1,2.68877,0.654964
1,2.73602,0.634221
1,2.78584,0.614655
1,2.6957,0.689793
1,2.74099,0.669217
1,2.78861,0.649716
1,2.64633,0.968183
1,2.67874,0.945149
1,2.71227,0.92266
1,2.65455,1.00259
1,2.68639,0.979718
1,2.71922,0.957278
1,2.75308,0.935417
1,2.66245,1.03702
1,2.69367,1.0143
1,2.72589,0.992006
1,2.75901,0.970201
1,2.79308,0.948944
1,2.73222,1.0267
1,2.7647,1.00499
1,2.79801,0.983791
1,2.7383,1.06133
1,2.7701,1.03972
1,2.80275,1.01859
1,2.66396,0.874085
1,2.7849,0.877377
1,2.74247,0.863888
1,2.69908,0.851308
1,2.73566,0.829112
1,2.77368,0.807663
1,2.78197,0.735107
1,2.82744,0.716989
1,2.78362,0.770292
1,2.82742,0.752191
1,2.87291,0.735111
1,2.82744,0.78739
1,2.87121,0.770295
1,2.86485,0.912223
1,2.95581,0.851295
1,2.91242,0.863874
1,2.86999,0.877363
1,2.91921,0.829118
1,2.87541,0.842483
1,2.8812,0.80765
1,2.98413,0.910736
1,3.01717,0.933868
1,2.94261,0.922677
1,2.97614,0.945157
1,3.00855,0.96819
1,2.90181,0.935418
1,2.93564,0.957306
1,2.9685,0.979709
1,3.00032,1.0026
1,2.86179,0.948966
1,2.89586,0.970184
1,2.929,0.992018
1,2.96118,1.01431
1,2.99244,1.03702
1,2.87206,0.579609
1,2.92434,0.599242
1,2.97372,0.620084
1,3.0202,0.642037
1,3.0639,0.664927
1,2.86903,0.614647
1,2.91885,0.634231
1,2.96611,0.654939
1,3.01073,0.676663
1,2.86624,0.649713
1,2.91386,0.669231
1,2.95916,0.689774
1,2.8637,0.684738
1,2.90933,0.704131
1,3.08677,0.711936
1,3.07433,0.745995
1,3.0418,0.848722
1,3.03578,0.722224
1,3.02523,0.756593
1,3.01546,0.791084
1,3.00634,0.825544
1,2.98592,0.733766
1,2.97733,0.76839
1,2.96933,0.803021
1,2.93748,0.746485
1,2.93074,0.781243
1,3.07912,0.621865
1,3.05709,0.529725
1,3.04437,0.564218
1,3.03292,0.598798
1,2.99258,0.541976
1,2.98354,0.576787
1,2.9309,0.55597
1,2.26929,1.56647
1,2.23424,1.56645
1,2.19912,1.56644
1,2.16397,1.56645
1,2.12894,1.56646
1,2.25182,1.53605
1,2.21669,1.53599
1,2.18152,1.53601
1,2.14639,1.53604
1,2.23429,1.5056
1,2.19911,1.50559
1,2.16392,1.50561
1,2.21672,1.47526
1,2.1815,1.47524
1,2.22498,1.72246
1,2.24285,1.69219
1,2.26059,1.66181
1,2.27826,1.63142
1,2.29583,1.60107
1,2.26047,1.72264
1,2.27825,1.69228
1,2.29588,1.66183
1,2.31343,1.63141
1,2.29598,1.72266
1,2.31364,1.69223
1,2.33113,1.66175
1,2.33145,1.7225
1,2.34891,1.69201
1,2.39615,1.4164
1,2.37765,1.44628
1,2.35927,1.47627
1,2.34098,1.50632
1,2.32282,1.53629
1,2.36066,1.41546
1,2.34224,1.44546
1,2.32397,1.47555
1,2.30578,1.50562
1,2.32512,1.41471
1,2.30685,1.44481
1,2.28869,1.47493
1,2.28966,1.41418
1,2.27152,1.4443
1,2.44354,1.74072
1,2.42457,1.77058
1,2.42681,1.70964
1,2.40784,1.73944
1,2.38871,1.76919
1,2.39129,1.70828
1,2.37215,1.73797
1,2.33869,1.5769
1,2.37373,1.5776
1,2.40884,1.57831
1,2.44399,1.57903
1,2.47904,1.57971
1,2.35555,1.60763
1,2.39066,1.60841
1,2.42584,1.60911
1,2.46094,1.60977
1,2.37246,1.63843
1,2.40765,1.63917
1,2.44281,1.63984
1,2.3894,1.66914
1,2.42463,1.66984
1,2.41667,1.44946
1,2.39664,1.5402
1,2.41502,1.51026
1,2.4335,1.48033
1,2.43178,1.54115
1,2.45024,1.51124
1,2.46687,1.54214
1,2.52062,1.6054
1,2.53693,1.63645
1,2.55336,1.66752
1,2.56987,1.69858
1,2.58647,1.72956
1,2.50178,1.63501
1,2.51806,1.66613
1,2.53448,1.69725
1,2.55099,1.7283
1,2.48284,1.6646
1,2.49908,1.69576
1,2.51548,1.72688
1,2.46381,1.69412
1,2.48004,1.72527
1,2.55968,1.59945
1,2.62832,1.66221
1,2.61153,1.63133
1,2.59477,1.60044
1,2.64672,1.63224
1,2.62991,1.60139
1,2.665,1.6023
1,2.27125,1.38257
1,2.25292,1.41303
1,2.23482,1.44354
1,2.25358,1.3517
1,2.23522,1.38221
1,2.21709,1.41283
1,2.19911,1.44347
1,2.23567,1.32089
1,2.21728,1.35143
1,2.19913,1.38209
1,2.18118,1.41282
1,2.16345,1.44355
1,2.19913,1.32072
1,2.18097,1.35143
1,2.16303,1.3822
1,2.14532,1.41304
1,2.1626,1.3209
1,2.14468,1.35169
1,2.12702,1.38258
1,2.3303,1.23087
1,2.34778,1.26176
1,2.36497,1.29278
1,2.38187,1.32391
1,2.39845,1.355
1,2.31093,1.26076
1,2.32842,1.29163
1,2.34566,1.32258
1,2.36258,1.3536
1,2.2919,1.2908
1,2.30943,1.32157
1,2.32664,1.35244
1,2.27327,1.32086
1,2.29074,1.35154
1,2.50006,1.19991
1,2.46255,1.19698
1,2.42489,1.19456
1,2.38717,1.1926
1,2.34946,1.19113
1,2.4841,1.1681
1,2.44605,1.16534
1,2.40787,1.16313
1,2.36967,1.16143
1,2.46771,1.13634
1,2.4291,1.1338
1,2.3904,1.13185
1,2.45086,1.10474
1,2.41168,1.10248
1,2.37146,1.23004
1,2.44191,1.2943
1,2.42545,1.26291
1,2.40867,1.23158
1,2.46224,1.26506
1,2.44585,1.23355
1,2.48292,1.23597
1,2.53827,1.17021
1,2.56726,1.08105
1,2.5443,1.10965
1,2.52198,1.13846
1,2.52757,1.07781
1,2.50515,1.10676
1,2.48784,1.07523
1,3.00156,1.18411
1,2.9874,1.21664
1,3.00721,1.09135
1,2.99242,1.12381
1,2.97801,1.15643
1,2.96404,1.1891
1,2.95045,1.2218
1,2.96813,1.0963
1,2.95395,1.12899
1,2.94014,1.16178
1,2.92676,1.19459
1,2.92929,1.10185
1,2.91575,1.13471
1,2.90257,1.16764
1,2.5052,2.3985
1,2.55794,2.31338
1,2.52542,2.33934
1,2.49121,2.36474
1,2.51156,2.30569
1,2.47813,2.33087
1,2.46593,2.29696
1,2.64214,2.28581
1,2.5964,2.28028
1,2.55106,2.2737
1,2.50622,2.2661
1,2.4621,2.25757
1,2.62545,2.25316
1,2.581,2.24718
1,2.53691,2.24028
1,2.49343,2.23244
1,2.60964,2.22031
1,2.56636,2.21402
1,2.52355,2.20683
1,2.59462,2.18742
1,2.5525,2.18083
1,2.52488,2.43506
1,2.56075,2.40917
1,2.59464,2.38263
1,2.62669,2.35551
1,2.57794,2.44243
1,2.61262,2.41562
1,2.64523,2.38819
1,2.63191,2.4484
1,2.6651,2.42069
1,2.6963,2.39248
1,2.68644,2.45289
1,2.71803,2.42438
1,2.7969,2.1486
1,2.77455,2.17836
1,2.75124,2.20795
1,2.72687,2.23724
1,2.70139,2.26619
1,2.75508,2.1472
1,2.73184,2.17652
1,2.70765,2.20562
1,2.6824,2.23438
1,2.71332,2.14497
1,2.68928,2.17382
1,2.66429,2.2024
1,2.67176,2.14196
1,2.64702,2.1703
1,2.98202,2.66876
1,2.90517,2.67237
1,2.82745,2.67359
1,2.74964,2.67238
1,2.67286,2.66875
1,2.93728,2.64061
1,2.86416,2.64285
1,2.79066,2.64287
1,2.71755,2.6406
1,2.89692,2.61166
1,2.82742,2.61273
1,2.75791,2.61166
1,2.86047,2.58215
1,2.79438,2.58213
1,2.8579,2.51973
1,2.82743,2.55062
1,2.88151,2.42716
1,2.85552,2.45835
1,2.82746,2.48924
1,2.79702,2.51972
1,2.76399,2.54968
1,2.82746,2.42786
1,2.79938,2.45835
1,2.76908,2.4884
1,2.73638,2.51799
1,2.77342,2.42716
1,2.74338,2.45679
1,2.7111,2.48597
1,2.73305,2.30264
1,2.78014,2.30432
1,2.82742,2.30488
1,2.87476,2.30431
1,2.92183,2.30265
1,2.75451,2.33399
1,2.8031,2.33519
1,2.8518,2.33516
1,2.90039,2.334
1,2.77733,2.36513
1,2.82745,2.36573
1,3.036,2.6028
1,3.03924,2.5099
1,3.01784,2.54276
1,2.9942,2.57539
1,2.98037,2.51512
1,2.95596,2.54728
1,2.34489,1.88992
1,2.44041,1.87096
1,2.40391,1.86679
1,2.36751,1.86225
1,2.42588,1.83871
1,2.38975,1.83439
1,2.41166,1.80645
1,2.48828,1.97138
1,2.45929,2.06054
1,2.48225,2.03194
1,2.50457,2.00314
1,2.49898,2.06378
1,2.52139,2.03483
1,2.53871,2.06637
1,2.58423,1.77871
1,2.5645,1.808
1,2.54443,1.83725
1,2.52401,1.86642
1,2.50331,1.8954
1,2.54848,1.77657
1,2.52842,1.8057
1,2.50808,1.83481
1,2.48744,1.86375
1,2.5127,1.77414
1,2.49241,1.80314
1,2.47185,1.83201
1,2.47703,1.77146
1,2.45655,1.80026
1,2.55443,2.10764
1,2.57931,2.07979
1,2.56995,2.14025
1,2.5951,2.11226
1,2.61938,2.084
1,2.61149,2.1446
1,2.63597,2.11616
1,2.52648,1.94169
1,2.564,1.94461
1,2.60165,1.94703
1,2.63938,1.94899
1,2.67708,1.95047
1,2.54245,1.9735
1,2.5805,1.97625
1,2.61868,1.97846
1,2.65688,1.98016
1,2.55884,2.00525
1,2.59745,2.0078
1,2.63615,2.00974
1,2.57569,2.03685
1,2.61487,2.03912
1,2.65509,1.91156
1,2.58464,1.84729
1,2.6011,1.87868
1,2.61788,1.91002
1,2.56431,1.87653
1,2.5807,1.90805
1,2.54363,1.90562
1,2.69625,1.91073
1,2.67877,1.87984
1,2.66158,1.84881
1,2.64467,1.81768
1,2.62809,1.78659
1,2.71562,1.88083
1,2.69813,1.84997
1,2.68089,1.81901
1,2.66397,1.788
1,2.73464,1.85079
1,2.71712,1.82002
1,2.69991,1.78916
1,2.75328,1.82073
1,2.73581,1.79005
1,2.7222,1.97661
1,2.74024,2.00756
1,2.75882,2.03844
1,2.778,2.06922
1,2.7978,2.09974
1,2.70154,2.00616
1,2.71946,2.03733
1,2.73803,2.06841
1,2.75718,2.09927
1,2.68024,2.03558
1,2.69811,2.06692
1,2.71657,2.0981
1,2.65834,2.06476
1,2.67609,2.09622
1,2.77009,1.97798
1,2.80828,1.97852
1,2.84656,1.97853
1,2.88478,1.97798
1,2.78863,2.00873
1,2.82741,2.00902
1,2.86622,2.00874
1,2.80774,2.03938
1,2.84713,2.03939
1,2.82743,2.06983
1,2.90277,1.94292
1,2.86515,1.94362
1,2.82744,1.94386
1,2.78969,1.94363
1,2.75209,1.94291
1,2.88335,1.91293
1,2.84608,1.91335
1,2.80876,1.91337
1,2.77149,1.91292
1,2.86432,1.88278
1,2.82743,1.883
1,2.79053,1.88279
1,2.84568,1.85262
1,2.80917,1.8526
1,2.85705,2.09974
1,2.87687,2.06921
1,2.89603,2.03846
1,2.91463,2.00757
1,2.93268,1.97662
1,2.89768,2.09927
1,2.91685,2.0684
1,2.93537,2.03733
1,2.95334,2.00618
1,2.93829,2.09811
1,2.95677,2.06693
1,2.97461,2.03559
1,2.97878,2.09623
1,2.9965,2.06477
1,3.02678,1.7866
1,3.01017,1.8177
1,2.99329,1.8488
1,2.97609,1.87986
1,2.9586,1.91072
1,2.99089,1.78802
1,2.97395,1.81902
1,2.95675,1.85
1,2.93922,1.88085
1,2.95494,1.78917
1,2.93774,1.82004
1,2.92022,1.85082
1,2.91907,1.79007
1,2.90157,1.82073
1,3.05025,1.81798
1,3.03697,1.91002
1,3.05375,1.87871
1,3.07023,1.84731
1,3.07415,1.90804
1,3.09057,1.87654
1,3.11123,1.90563
1,2.78808,1.10746
1,2.80744,1.07674
1,2.80803,1.13772
1,2.82742,1.10715
1,2.8474,1.07674
1,2.8468,1.13772
1,2.86681,1.10745
1,3.06187,0.924408
1,3.07305,1.01686
1,3.08297,0.982731
1,3.09335,0.948645
1,3.11293,1.00729
1,3.12382,0.97336
1,-3.12999,0.998467
1,3.11953,0.776833
1,-3.12948,0.802229
1,-3.09696,0.828212
1,3.10647,0.810713
1,3.13987,0.835914
1,3.09424,0.844627
1,2.50593,1.53619
1,2.48962,1.50514
1,2.47319,1.47407
1,2.45668,1.44301
1,2.44007,1.41204
1,2.52476,1.50659
1,2.50849,1.47547
1,2.49207,1.44435
1,2.47556,1.41329
1,2.54371,1.47699
1,2.52746,1.44583
1,2.51106,1.41471
1,2.56273,1.44747
1,2.54651,1.41632
1,2.68786,1.5647
1,2.65282,1.56399
1,2.61771,1.56328
1,2.58256,1.56256
1,2.54751,1.56188
1,2.671,1.53396
1,2.63589,1.53318
1,2.60071,1.53248
1,2.5656,1.53183
1,2.65409,1.50316
1,2.6189,1.50242
1,2.58373,1.50176
1,2.63715,1.47245
1,2.60192,1.47175
1,2.6304,1.7252
1,2.6489,1.69531
1,2.66728,1.66533
1,2.68557,1.63527
1,2.70373,1.6053
1,2.66588,1.72613
1,2.68431,1.69614
1,2.70258,1.66604
1,2.72076,1.63597
1,2.70143,1.72688
1,2.71969,1.69679
1,2.73786,1.66667
1,2.73689,1.72742
1,2.75503,1.69729
1,2.80156,1.41913
1,2.7837,1.44941
1,2.76596,1.47978
1,2.74829,1.51017
1,2.73072,1.54052
1,2.76608,1.41895
1,2.7483,1.44931
1,2.73066,1.47976
1,2.71312,1.51018
1,2.73056,1.41893
1,2.71291,1.44936
1,2.69541,1.47985
1,2.6951,1.41909
1,2.67763,1.44958
1,2.75534,1.75904
1,2.77363,1.72857
1,2.79177,1.69808
1,2.773,1.78992
1,2.79134,1.75938
1,2.8095,1.72879
1,2.82745,1.69813
1,2.79092,1.82073
1,2.80928,1.79018
1,2.82745,1.75951
1,2.84538,1.72879
1,2.86314,1.69807
1,2.82743,1.82089
1,2.84561,1.79019
1,2.86353,1.75939
1,2.88126,1.72858
1,2.86398,1.82072
1,2.88188,1.78991
1,2.89957,1.75903
1,2.75726,1.57512
1,2.79231,1.57515
1,2.82742,1.57515
1,2.86258,1.57514
1,2.89761,1.57513
1,2.77473,1.60554
1,2.80986,1.6056
1,2.84503,1.60558
1,2.88016,1.60555
1,2.79225,1.63599
1,2.82744,1.63601
1,2.86263,1.63598
1,2.80982,1.66633
1,2.84505,1.66635
1,2.77476,1.54048
1,2.86264,1.51003
1,2.82745,1.51
1,2.79224,1.51002
1,2.84508,1.47957
1,2.80979,1.47955
1,2.82744,1.44918
1,2.92413,1.54053
1,2.90657,1.51018
1,2.88892,1.47979
1,2.87117,1.4494
1,2.85331,1.41913
1,2.94174,1.5102
1,2.92423,1.47976
1,2.90655,1.4493
1,2.8888,1.41895
1,2.95947,1.47985
1,2.94194,1.44937
1,2.9243,1.41894
1,2.97726,1.44959
1,2.95976,1.41911
1,2.95114,1.6053
1,2.9693,1.6353
1,2.98758,1.66531
1,3.00599,1.69533
1,3.02446,1.7252
1,2.93412,1.63598
1,2.95228,1.66607
1,2.97059,1.69614
1,2.98899,1.72616
1,2.59317,1.20766
1,2.57802,1.17556
1,2.63036,1.2119
1,2.61566,1.17958
1,2.60061,1.14731
1,2.66745,1.21663
1,2.65332,1.18409
1,2.63875,1.1516
1,2.62381,1.11921
1,2.70442,1.22178
1,2.69081,1.18911
1,2.67684,1.15641
1,2.66246,1.12381
1,2.64764,1.09134
1,2.72811,1.19459
1,2.7147,1.16177
1,2.70093,1.12897
1,2.68673,1.0963
1,2.75229,1.16762
1,2.73911,1.1347
1,2.72556,1.10184
1,2.78923,1.37456
1,2.71599,1.31506
1,2.73486,1.34504
1,2.75347,1.3751
1,2.69882,1.34599
1,2.71766,1.3759
1,2.68193,1.37693
1,2.84541,1.34325
1,2.80944,1.34323
1,2.86372,1.31304
1,2.82743,1.3129
1,2.79112,1.31305
1,2.88237,1.28291
1,2.84575,1.28252
1,2.8091,1.28255
1,2.77248,1.2829
1,2.90133,1.25285
1,2.86443,1.25226
1,2.82742,1.25204
1,2.79044,1.25225
1,2.75352,1.25286
1,2.88344,1.22213
1,2.84611,1.2217
1,2.80873,1.22168
1,2.77143,1.22213
1,2.86515,1.19153
1,2.82743,1.19131
1,2.78969,1.19154
1,2.92146,1.28426
1,2.90139,1.37512
1,2.92,1.34506
1,2.93887,1.31508
1,2.9372,1.3759
1,2.95604,1.34599
1,2.97293,1.37695
1,3.07685,1.17558
1,3.06167,1.20766
1,3.05424,1.14732
1,3.0392,1.17959
1,3.0245,1.21192
1,3.03106,1.11922
1,3.01608,1.1516
1,-2.93774,1.32156
1,3.02819,2.35553
1,3.06022,2.38262
1,3.09415,2.40919
1,3.12998,2.43506
1,3.13681,1.66612
1,3.00963,2.38822
1,3.0423,2.41562
1,3.07694,2.44245
1,2.95858,2.3925
1,2.98978,2.4207
1,3.02299,2.44841
1,2.93687,2.42438
1,2.96842,2.45291
1,-3.09041,2.25758
1,-3.13455,2.26611
1,3.10383,2.2737
1,3.05848,2.28027
1,3.01273,2.28579
1,-3.12174,2.23245
1,3.11795,2.24028
1,3.07389,2.24721
1,3.02943,2.25314
1,3.13133,2.20683
1,3.0885,2.214
1,3.04525,2.22032
1,3.10238,2.18082
1,3.06028,2.18743
1,3.05,2.31999
1,-3.11953,2.36476
1,3.12948,2.33936
1,3.09696,2.31338
1,-3.10647,2.33088
1,-3.13987,2.30568
1,-3.09424,2.29696
1,-2.86485,2.22937
1,-2.95581,2.2903
1,-2.91242,2.27772
1,-2.86999,2.26423
1,-2.91921,2.31247
1,-2.87541,2.29911
1,-2.8812,2.33394
1,-2.98413,2.23086
1,-3.01717,2.20772
1,-2.94261,2.21892
1,-2.97614,2.19643
1,-3.00855,2.1734
1,-2.90181,2.20617
1,-2.93564,2.18429
1,-2.9685,2.16188
1,-3.00032,2.13899
1,-2.86179,2.19263
1,-2.89586,2.17141
1,-2.929,2.14957
1,-2.96118,2.12728
1,-2.99244,2.10457
1,-2.85685,2.1578
1,-2.89019,2.13661
1,-2.92265,2.11487
1,-2.95421,2.09273
1,-2.85213,2.12298
1,-2.88477,2.10187
1,-2.91659,2.08026
1,-2.87206,2.56198
1,-2.92434,2.54235
1,-2.97372,2.52151
1,-3.0202,2.49956
1,-3.0639,2.47666
1,-2.86903,2.52694
1,-2.91885,2.50736
1,-2.96611,2.48665
1,-3.01073,2.46493
1,-2.86624,2.49188
1,-2.91386,2.47236
1,-2.95916,2.45182
1,-2.8637,2.45685
1,-2.90933,2.43746
1,-3.08677,2.42966
1,-3.07433,2.3956
1,-3.06274,2.36141
1,-3.0519,2.32712
1,-3.0418,2.29287
1,-3.03578,2.41937
1,-3.02523,2.385
1,-2.91907,1.35152
1,-2.98592,2.40783
1,-2.77297,1.3517
1,-2.66397,1.3536
1,-2.93748,2.39511
1,-2.93074,2.36035
1,-3.06187,2.21718
1,-3.07305,2.12473
1,-3.08297,2.15886
1,-3.09335,2.19295
1,-3.11293,2.1343
1,-3.12382,2.16823
1,3.12999,2.14313
1,2.97778,1.95045
1,3.01548,1.94899
1,3.05319,1.94704
1,3.09088,1.94462
1,3.12838,1.9417
1,2.99797,1.98014
1,3.03617,1.97848
1,3.07438,1.97625
1,3.11242,1.97351
1,3.0187,2.00976
1,3.05742,2.00778
1,3.09602,2.00525
1,3.03997,2.03913
1,3.07916,2.03684
1,2.99978,1.91156
1,3.01692,1.88048
1,3.03376,1.84925
1,3.08492,2.14028
1,3.04337,2.1446
1,3.10043,2.10764
1,3.05977,2.11227
1,3.01889,2.11615
1,3.07557,2.07982
1,3.03549,2.084
1,-3.13163,1.89541
1,3.13085,1.86642
1,3.11044,1.83727
1,3.09038,1.80801
1,3.07064,1.7787
1,-3.11576,1.86376
1,-3.13639,1.8348
1,3.12643,1.80572
1,3.10641,1.77657
1,-3.10017,1.83202
1,-3.12072,1.80313
1,-3.14102,1.77416
1,-3.08485,1.80027
1,-3.10534,1.77149
1,-2.73344,1.85734
1,-2.75228,1.82733
1,-2.77089,1.7972
1,-2.78923,1.76704
1,-2.71599,1.82654
1,-2.73486,1.79656
1,-2.75347,1.7665
1,-2.69882,1.7956
1,-2.71766,1.76569
1,-2.68193,1.76466
1,-2.80744,2.06486
1,-2.8474,2.06486
1,-2.78808,2.03413
1,-2.82742,2.03444
1,-2.86681,2.03414
1,-2.80803,2.00387
1,-2.8468,2.00388
1,-2.84541,1.79834
1,-2.80944,1.79836
1,-2.86372,1.82855
1,-2.82743,1.82869
1,-2.79112,1.82854
1,-2.88237,1.85869
1,-2.84575,1.85907
1,-2.8091,1.85905
1,-2.77248,1.8587
1,-2.90133,1.88875
1,-2.86443,1.88933
1,-2.82742,1.88955
1,-2.79044,1.88935
1,-2.75352,1.88873
1,-2.88344,1.91947
1,-2.84611,1.91989
1,-2.80873,1.91991
1,-2.77143,1.91946
1,-2.86515,1.95006
1,-2.82743,1.95028
1,-2.78969,1.95005
1,-2.86563,1.76704
1,-2.88396,1.7972
1,-2.90257,1.82733
1,-2.92146,1.85734
1,-2.90139,1.76647
1,-2.92,1.79653
1,-2.93887,1.82651
1,-2.9372,1.76569
1,-2.95604,1.79561
1,-2.97293,1.76465
1,-3.07685,1.96601
1,-3.06167,1.93393
1,-3.05424,1.99427
1,-3.0392,1.96201
1,-3.0245,1.92967
1,-3.03106,2.02237
1,-3.01608,1.98999
1,-3.00156,1.95748
1,-2.9874,1.92495
1,-3.00721,2.05024
1,-2.99242,2.01778
1,-2.97801,1.98516
1,-2.96404,1.95249
1,-2.95045,1.9198
1,-2.96813,2.0453
1,-2.95395,2.01261
1,-2.94014,1.97981
1,-2.92676,1.947
1,-2.92929,2.03974
1,-2.91575,2.00688
1,-2.90257,1.97395
1,-2.97322,1.88996
1,-3.00985,1.89472
1,-3.04664,1.89912
1,-3.0835,1.9031
1,-2.9958,1.86225
1,-3.03221,1.86679
1,-3.06871,1.87096
1,-3.01807,1.83439
1,-3.0542,1.8387
1,-3.03996,1.80645
1,-3.11659,1.97137
1,-3.09439,1.99998
1,-3.07158,2.02844
1,-3.04814,2.05665
1,-3.1329,2.00312
1,-3.11059,2.03193
1,-3.08762,2.06053
1,3.13348,2.03483
1,-3.12729,2.06378
1,3.11614,2.06636
1,2.85685,0.983795
1,2.89019,1.00498
1,2.92265,1.02672
1,2.95421,1.04886
1,2.85213,1.01861
1,2.88477,1.03973
1,2.91659,1.06133
1,-2.95346,0.875399
1,-2.928,0.904335
1,-2.90364,0.933633
1,-2.88032,0.96324
1,-2.85797,0.992996
1,-2.97246,0.907187
1,-2.94725,0.935973
1,2.98986,1.60231
1,3.04336,1.63136
1,3.02498,1.60139
1,3.07854,1.63036
1,3.06011,1.60043
1,3.09519,1.59946
1,3.10736,1.56189
1,3.0723,1.56256
1,3.03718,1.56328
1,3.00206,1.56398
1,2.96701,1.56468
1,3.08927,1.53183
1,3.05415,1.53248
1,3.01899,1.5332
1,2.98388,1.53394
1,3.07114,1.50175
1,3.03596,1.50241
1,3.00079,1.50317
1,3.05296,1.47174
1,3.01774,1.47246
1,3.06838,1.72955
1,3.08499,1.69859
1,3.1015,1.66754
1,3.11795,1.63645
1,3.13425,1.60541
1,3.10386,1.72831
1,3.1204,1.69727
1,-3.1301,1.63501
1,3.13939,1.7269
1,-3.12741,1.69576
1,-3.11116,1.66461
1,-3.10836,1.7253
1,-3.09215,1.69412
1,-2.60988,1.44946
1,-2.62991,1.5402
1,-2.61153,1.51026
1,-2.59305,1.48033
1,-2.59477,1.54115
1,-2.57631,1.51124
1,-2.55968,1.54214
1,-2.6304,1.4164
1,-2.6489,1.44628
1,-2.66728,1.47627
1,-2.68557,1.50632
1,-2.70373,1.53629
1,-2.66588,1.41546
1,-2.68431,1.44546
1,-2.70258,1.47555
1,-2.72076,1.50562
1,-2.70143,1.41471
1,-2.71969,1.44481
1,-2.73786,1.47493
1,-2.73689,1.41418
1,-2.75503,1.4443
1,-2.80156,1.72246
1,-2.7837,1.69219
1,-2.76596,1.66181
1,-2.74829,1.63142
1,-2.73072,1.60107
1,-2.76608,1.72264
1,-2.7483,1.69228
1,-2.73066,1.66183
1,-2.71312,1.63141
1,-2.73056,1.72266
1,-2.71291,1.69223
1,-2.69541,1.66175
1,-2.6951,1.7225
1,-2.67763,1.69201
1,-2.77476,1.60111
1,-2.86264,1.63156
1,-2.82745,1.6316
1,-2.79224,1.63158
1,-2.84508,1.66202
1,-2.80979,1.66204
1,-2.82744,1.69241
1,-2.75726,1.56647
1,-2.79231,1.56645
1,-2.82742,1.56644
1,-2.86258,1.56645
1,-2.89761,1.56646
1,-2.77473,1.53605
1,-2.80986,1.53599
1,-2.84503,1.53601
1,-2.88016,1.53604
1,-2.79225,1.5056
1,-2.82744,1.50559
1,-2.86263,1.50561
1,-2.80982,1.47526
1,-2.84505,1.47524
1,-2.92413,1.60107
1,-2.90657,1.63141
1,-2.88892,1.6618
1,-2.87117,1.6922
1,-2.85331,1.72246
1,-2.94174,1.63139
1,-2.92423,1.66184
1,-2.90655,1.69229
1,-2.8888,1.72264
1,-2.95947,1.66174
1,-2.94194,1.69223
1,-2.9243,1.72266
1,-2.97726,1.692
1,-2.95976,1.72248
1,-2.95114,1.53629
1,-2.9693,1.5063
1,-2.98758,1.47628
1,-3.00599,1.44626
1,-3.02446,1.41639
1,-2.93412,1.50561
1,-2.95228,1.47552
1,-2.97059,1.44545
1,-2.98899,1.41543
1,-2.91701,1.47491
1,-2.93518,1.44479
1,-2.95345,1.4147
1,-2.89986,1.4443
1,-2.91797,1.41416
1,-3.10736,1.5797
1,-3.0723,1.57903
1,-3.03718,1.57831
1,-3.00206,1.57761
1,-2.96701,1.57691
1,-3.08927,1.60976
1,-3.05415,1.60911
1,-3.01899,1.60839
1,-2.98388,1.60765
1,-3.07114,1.63984
1,-3.03596,1.63919
1,-3.00079,1.63842
1,-3.05296,1.66986
1,-3.01774,1.66913
1,-2.98986,1.53928
1,-3.0618,1.48031
1,-3.04336,1.51023
1,-3.02498,1.5402
1,-3.07854,1.51123
1,-3.06011,1.54117
1,-3.09519,1.54213
1,-3.06838,1.41204
1,-3.08499,1.443
1,-3.1015,1.47405
1,-3.11795,1.50514
1,-3.13425,1.53619
1,-3.10386,1.41328
1,-3.1204,1.44433
1,-3.13681,1.47548
1,3.1301,1.50658
1,-3.13939,1.41469
1,3.12741,1.44584
1,3.11116,1.47699
1,3.10836,1.41629
1,3.09215,1.44747
1,3.0835,1.23849
1,2.9958,1.27934
1,3.03221,1.2748
1,3.06871,1.27063
1,3.01807,1.30721
1,3.0542,1.30289
1,3.03996,1.33514
1,3.05291,1.371
1,3.07186,1.40088
1,3.01702,1.37241
1,3.03618,1.40215
1,3.05512,1.43196
1,3.00049,1.40361
1,3.0196,1.43331
1,3.04814,1.08494
1,3.1329,1.13847
1,3.11059,1.10967
1,3.08762,1.08107
1,-3.13348,1.10676
1,3.12729,1.07781
1,-3.11614,1.07524
1,-2.88478,1.16362
1,-2.78863,1.13287
1,-2.82741,1.13258
1,-2.86622,1.13285
1,-2.80774,1.10222
1,-2.84713,1.1022
1,-2.82743,1.07176
1,-2.90277,1.19868
1,-2.86515,1.19797
1,-2.82744,1.19773
1,-2.78969,1.19796
1,-2.75209,1.19869
1,-2.88335,1.22867
1,-2.84608,1.22824
1,-2.80876,1.22822
1,-2.77149,1.22868
1,-2.86432,1.25881
1,-2.82743,1.25859
1,-2.79053,1.2588
1,-2.84568,1.28897
1,-2.80917,1.28899
1,-2.80946,1.41283
1,-2.82744,1.44347
1,-2.79088,1.32089
1,-2.82741,1.38209
1,-2.84537,1.41282
1,-2.8631,1.44355
1,-2.82742,1.32072
1,-2.84558,1.35143
1,-2.86352,1.3822
1,-2.88123,1.41304
1,-2.86395,1.3209
1,-2.88186,1.35169
1,-2.89953,1.38258
1,-2.85705,1.04186
1,-2.87687,1.07238
1,-2.89603,1.10314
1,-2.91463,1.13402
1,-2.93268,1.16498
1,-2.89768,1.04232
1,-2.91685,1.07319
1,-2.93537,1.10426
1,-2.95334,1.13541
1,-2.93829,1.04349
1,-2.95677,1.07467
1,-2.97461,1.106
1,-2.97878,1.04536
1,-2.9965,1.07682
1,-3.02678,1.35499
1,-3.01017,1.32389
1,-2.99329,1.29279
1,-2.97609,1.26173
1,-2.9586,1.23087
1,-2.99089,1.35357
1,-2.97395,1.32257
1,-2.95675,1.29159
1,-2.93922,1.26074
1,-2.95494,1.35242
1,-2.92022,1.29078
1,-2.90157,1.32086
1,-2.97778,1.19114
1,-3.01548,1.19261
1,-3.05319,1.19456
1,-3.09088,1.19698
1,-3.12838,1.1999
1,-2.99797,1.16145
1,-3.03617,1.16311
1,-3.07438,1.16534
1,-3.11242,1.16809
1,-3.0187,1.13184
1,-3.05742,1.13381
1,-3.09602,1.13635
1,-3.03997,1.10246
1,-3.07916,1.10475
1,-3.05025,1.32361
1,-3.03697,1.23157
1,-3.05375,1.26288
1,-3.07023,1.29429
1,-3.07415,1.23356
1,-3.09057,1.26505
1,-3.11123,1.23596
1,3.13163,1.24618
1,-3.13085,1.27518
1,-3.11044,1.30432
1,-3.09038,1.33359
1,-3.07064,1.36289
1,3.11576,1.27784
1,3.13639,1.30679
1,-3.12643,1.33587
1,-3.10641,1.36502
1,3.10017,1.30957
1,3.12072,1.33847
1,3.14102,1.36744
1,3.08485,1.34133
1,3.10534,1.3701
1,2.91058,2.82864
1,2.9562,2.79681
1,2.99431,2.76437
1,3.02668,2.73151
1,3.05444,2.69838
1,3.02301,2.82441
1,3.05809,2.79124
1,3.08725,2.7577
1,3.11196,2.72395
1,3.13149,2.81657
1,-3.12714,2.78245
1,-3.10676,2.74816
1,-3.0493,2.80537
1,-3.03471,2.77068
1,-2.38441,2.28581
1,-2.43015,2.28028
1,-2.47549,2.2737
1,-2.52032,2.2661
1,-2.56445,2.25757
1,-2.4011,2.25316
1,-2.44555,2.24719
1,-2.48964,2.24028
1,-2.53312,2.23244
1,-2.41691,2.22031
1,-2.46019,2.21402
1,-2.503,2.20683
1,-2.43192,2.18742
1,-2.47405,2.18083
1,-2.52134,2.3985
1,-2.46861,2.31338
1,-2.50113,2.33934
1,-2.53534,2.36474
1,-2.51499,2.30569
1,-2.54841,2.33087
1,-2.56062,2.29696
1,-2.593,2.21719
1,-2.60282,2.18301
1,-2.61218,2.14874
1,-2.62113,2.11448
1,-2.5615,2.19297
1,-2.57188,2.15888
1,-2.5818,2.12475
1,-2.53106,2.16823
1,-2.54194,2.1343
1,-2.50165,2.14314
1,-2.53081,2.62221
1,-2.62192,2.54278
1,-2.61051,2.57734
1,-2.59782,2.61186
1,-2.6713,2.5648
1,-2.66232,2.59962
1,-2.72397,2.58561
1,-2.61306,2.29287
1,-2.60296,2.32713
1,-2.59212,2.36139
1,-2.58055,2.39559
1,-2.56812,2.42966
1,-2.80927,1.35143
1,-2.62961,2.38498
1,-2.61912,2.41936
1,-2.66894,2.40781
1,-2.72415,2.36034
1,-2.71737,2.39508
1,-2.77896,2.61309
1,-2.71597,2.62884
1,-2.64942,2.6428
1,-2.57965,2.65483
1,-2.50706,2.66474
1,-2.77678,2.64815
1,-2.7095,2.66384
1,-2.59096,2.47667
1,-2.63464,2.49955
1,-2.68113,2.52149
1,-2.73055,2.54235
1,-2.78281,2.56197
1,-2.6441,2.46493
1,-2.68877,2.48663
1,-2.73602,2.50737
1,-2.78584,2.52694
1,-2.6957,2.4518
1,-2.74099,2.47237
1,-2.78861,2.49188
1,-2.74551,2.43743
1,-2.79114,2.45686
1,-2.63769,2.20775
1,-2.67076,2.23085
1,-2.64633,2.17341
1,-2.67874,2.19644
1,-2.71227,2.21893
1,-2.65455,2.13901
1,-2.68639,2.16187
1,-2.71922,2.18431
1,-2.75308,2.20617
1,-2.66245,2.10457
1,-2.69367,2.12729
1,-2.72589,2.14959
1,-2.75901,2.17139
1,-2.79308,2.19265
1,-2.70065,2.09272
1,-2.73222,2.11489
1,-2.7647,2.13661
1,-2.79801,2.1578
1,-2.7383,2.08027
1,-2.7701,2.10187
1,-2.80275,2.123
1,-2.78999,2.22934
1,-2.74888,2.24293
1,-2.70682,2.25567
1,-2.66396,2.26751
1,-2.7849,2.26421
1,-2.74247,2.2777
1,-2.69908,2.29028
1,-2.77946,2.29911
1,-2.73566,2.31248
1,-2.77368,2.33393
1,-2.78362,2.3713
1,-2.78197,2.40648
1,-2.82744,2.3542
1,-2.82742,2.3894
1,-2.82744,2.4246
1,-2.87121,2.3713
1,-2.87291,2.40648
1,-2.99091,2.2675
1,-2.94805,2.25566
1,-2.90599,2.24293
1,3.13537,2.66473
1,-3.07524,2.65482
1,-3.00548,2.64281
1,-2.93888,2.62884
1,-2.8759,2.6131
1,-3.09163,2.68913
1,-3.01669,2.67758
1,-2.94535,2.66383
1,-2.87808,2.64816
1,-3.0296,2.71223
1,-2.95276,2.6988
1,-2.88052,2.68324
1,-2.96138,2.73368
1,-2.88333,2.71827
1,-3.07912,2.51973
1,-3.05709,2.61187
1,-3.04437,2.57737
1,-3.03292,2.54279
1,-2.99258,2.59962
1,-2.98354,2.56481
1,-2.9309,2.58562
1,-3.0337,2.1145
1,-3.04269,2.14874
1,-3.05205,2.183
1,-2.3303,1.91073
1,-2.34778,1.87984
1,-2.36497,1.84881
1,-2.38187,1.81768
1,-2.39845,1.78659
1,-2.31093,1.88083
1,-2.32842,1.84997
1,-2.34566,1.81901
1,-2.36258,1.788
1,-2.2919,1.85079
1,-2.30943,1.82002
1,-2.32664,1.78916
1,-2.27327,1.82073
1,-2.29074,1.79005
1,-2.50006,1.94169
1,-2.46255,1.94461
1,-2.42489,1.94703
1,-2.38717,1.94899
1,-2.34946,1.95047
1,-2.4841,1.9735
1,-2.44605,1.97625
1,-2.40787,1.97846
1,-2.36967,1.98016
1,-2.46771,2.00525
1,-2.4291,2.0078
1,-2.3904,2.00974
1,-2.45086,2.03685
1,-2.41168,2.03912
1,-2.42194,1.81798
1,-2.40544,1.84922
1,-2.38863,1.88046
1,-2.37146,1.91156
1,-2.44191,1.84729
1,-2.42545,1.87868
1,-2.40867,1.91002
1,-2.46224,1.87653
1,-2.44585,1.90805
1,-2.48292,1.90562
1,-2.44724,2.07979
1,-2.40717,2.084
1,-2.47211,2.10764
1,-2.43145,2.11226
1,-2.39058,2.11616
1,-2.4566,2.14025
1,-2.41506,2.1446
1,-2.44231,1.77871
1,-2.46205,1.808
1,-2.48212,1.83725
1,-2.50254,1.86642
1,-2.52324,1.8954
1,-2.47806,1.77657
1,-2.49813,1.8057
1,-2.51847,1.83481
1,-2.5391,1.86375
1,-2.51385,1.77414
1,-2.53414,1.80314
1,-2.55469,1.83201
1,-2.54952,1.77146
1,-2.57,1.80026
1,-2.60674,2.05662
1,-2.58329,2.02844
1,-2.56047,1.99999
1,-2.53827,1.97138
1,-2.56726,2.06054
1,-2.5443,2.03194
1,-2.52198,2.00314
1,-2.52757,2.06378
1,-2.50515,2.03483
1,-2.48784,2.06637
1,-2.57136,1.90311
1,-2.60822,1.89913
1,-2.64502,1.89473
1,-2.68166,1.88992
1,-2.58614,1.87096
1,-2.62264,1.86679
1,-2.65904,1.86225
1,-2.60066,1.83871
1,-2.6368,1.83439
1,-2.61489,1.80645
1,-2.59317,1.93394
1,-2.57802,1.96604
1,-2.63036,1.92969
1,-2.61566,1.96202
1,-2.60061,1.99428
1,-2.66745,1.92497
1,-2.65332,1.95751
1,-2.63875,1.99
1,-2.62381,2.02239
1,-2.70442,1.91982
1,-2.69081,1.95248
1,-2.67684,1.98518
1,-2.66246,2.01778
1,-2.64764,2.05025
1,-2.72811,1.947
1,-2.7147,1.97982
1,-2.70093,2.01263
1,-2.68673,2.04529
1,-2.75229,1.97398
1,-2.73911,2.00689
1,-2.72556,2.03976
1,-2.57931,1.0618
1,-2.61938,1.05759
1,-2.55443,1.03395
1,-2.5951,1.02934
1,-2.63597,1.02543
1,-2.56995,1.00134
1,-2.61149,0.99699
1,-2.7969,0.992993
1,-2.77455,0.96323
1,-2.75124,0.933646
1,-2.72687,0.904349
1,-2.70139,0.875406
1,-2.75508,0.994395
1,-2.73184,0.965076
1,-2.70765,0.935969
1,-2.6824,0.907209
1,-2.71332,0.996621
1,-2.68928,0.967778
1,-2.66429,0.939195
1,-2.67176,0.999636
1,-2.64702,0.97129
1,-2.78014,0.837273
1,-2.82742,0.836716
1,-2.87476,0.83728
1,-2.92183,0.838941
1,-2.75451,0.807604
1,-2.8031,0.806405
1,-2.8518,0.80643
1,-2.90039,0.807595
1,-2.77733,0.776462
1,-2.82745,0.775859
1,-2.87757,0.77647
1,-2.8016,0.745685
1,-2.85329,0.745669
1,-2.75868,0.872593
1,-2.87221,0.902357
1,-2.82746,0.901868
1,-2.78267,0.902373
1,-2.84931,0.932422
1,-2.80555,0.932439
1,-2.82744,0.962685
1,-2.92301,0.965081
1,-2.8998,0.994396
1,-2.99061,0.93919
1,-2.96558,0.967768
1,-2.94155,0.996613
1,-3.00788,0.971277
1,-2.9831,0.99962
1,-2.99795,0.813594
1,-3.09415,0.732403
1,-3.12998,0.706527
1,-2.97891,0.781268
1,-3.00963,0.753371
1,-3.0423,0.725973
1,-3.07694,0.699138
1,-2.95858,0.749093
1,-2.98978,0.720896
1,-3.02299,0.693181
1,-2.93687,0.717214
1,-2.96842,0.688685
1,3.12906,0.646976
1,-3.13867,0.613126
1,-3.12165,0.579336
1,-3.10277,0.545652
1,-3.08174,0.512268
1,-3.09731,0.63855
1,-3.07884,0.605126
1,-3.05855,0.571831
1,-3.036,0.538791
1,-3.03924,0.631695
1,-3.01784,0.598829
1,-2.9942,0.566207
1,-2.98037,0.626467
1,-2.95596,0.59431
1,-3.08492,1.00132
1,-3.04337,0.996993
1,-3.10043,1.03395
1,-3.05977,1.02932
1,-3.01889,1.02544
1,-3.07557,1.06177
1,-3.03549,1.0576
1,3.09041,0.884011
1,3.13455,0.875486
1,-3.10383,0.867889
1,-3.05848,0.861325
1,-3.01273,0.855799
1,3.12174,0.909142
1,-3.11795,0.901317
1,-3.07389,0.894386
1,-3.02943,0.888451
1,-3.13133,0.934766
1,-3.0885,0.927589
1,-3.04525,0.92127
1,-3.10238,0.960775
1,-3.06028,0.954163
1,-2.33869,1.5647
1,-2.37373,1.56399
1,-2.40884,1.56328
1,-2.44399,1.56256
1,-2.47904,1.56188
1,-2.35555,1.53396
1,-2.39066,1.53318
1,-2.42584,1.53248
1,-2.46094,1.53183
1,-2.37246,1.50316
1,-2.40765,1.50242
1,-2.44281,1.50176
1,-2.3894,1.47245
1,-2.42463,1.47175
1,-2.50593,1.6054
1,-2.48962,1.63645
1,-2.47319,1.66752
1,-2.45668,1.69858
1,-2.44007,1.72956
1,-2.52476,1.63501
1,-2.50849,1.66613
1,-2.49207,1.69725
1,-2.47556,1.7283
1,-2.54371,1.6646
1,-2.52746,1.69576
1,-2.51106,1.72688
1,-2.56273,1.69412
1,-2.54651,1.72527
1,-2.52062,1.53619
1,-2.53693,1.50514
1,-2.55336,1.47407
1,-2.56987,1.44301
1,-2.58647,1.41204
1,-2.50178,1.50659
1,-2.51806,1.47547
1,-2.53448,1.44435
1,-2.55099,1.41329
1,-2.48284,1.47699
1,-2.49908,1.44583
1,-2.51548,1.41471
1,-2.46381,1.44747
1,-2.48004,1.41632
1,-2.58301,1.74072
1,-2.60198,1.77058
1,-2.59974,1.70964
1,-2.6187,1.73944
1,-2.63784,1.76919
1,-2.63526,1.70828
1,-2.6544,1.73797
1,-2.68786,1.5769
1,-2.65282,1.5776
1,-2.61771,1.57831
1,-2.58256,1.57903
1,-2.54751,1.57971
1,-2.671,1.60763
1,-2.63589,1.60841
1,-2.60071,1.60911
1,-2.5656,1.60977
1,-2.65409,1.63843
1,-2.6189,1.63917
1,-2.58373,1.63984
1,-2.63715,1.66914
1,-2.60192,1.66984
1,-3.05291,1.77059
1,-3.07186,1.74071
1,-3.01702,1.76919
1,-3.03618,1.73945
1,-3.05512,1.70963
1,-3.00049,1.73799
1,-3.0196,1.70828
1,-3.045,1.44946
1,-3.02655,1.47935
1,-3.00817,1.50934
1,-2.34489,1.25167
1,-2.44041,1.27063
1,-2.40391,1.2748
1,-2.36751,1.27935
1,-2.42588,1.30288
1,-2.38975,1.3072
1,-2.41166,1.33514
1,-2.37215,1.40363
1,-2.39129,1.43332
1,-2.38871,1.37241
1,-2.40784,1.40216
1,-2.42681,1.43195
1,-2.42457,1.37102
1,-2.44354,1.40087
1,-2.58423,1.36289
1,-2.5645,1.33359
1,-2.54443,1.30434
1,-2.52401,1.27517
1,-2.50331,1.24619
1,-2.54848,1.36502
1,-2.52842,1.33589
1,-2.50808,1.30678
1,-2.48744,1.27784
1,-2.5127,1.36746
1,-2.49241,1.33846
1,-2.47185,1.30958
1,-2.47703,1.37013
1,-2.52648,1.19991
1,-2.564,1.19698
1,-2.60165,1.19456
1,-2.63938,1.1926
1,-2.67708,1.19112
1,-2.54245,1.1681
1,-2.5805,1.16534
1,-2.61868,1.16313
1,-2.65688,1.16143
1,-2.55884,1.13634
1,-2.59745,1.1338
1,-2.63615,1.13185
1,-2.57569,1.10474
1,-2.61487,1.10248
1,-2.65509,1.23004
1,-2.58464,1.2943
1,-2.6011,1.26291
1,-2.61788,1.23158
1,-2.56431,1.26506
1,-2.5807,1.23355
1,-2.54363,1.23597
1,-2.69625,1.23087
1,-2.67877,1.26176
1,-2.66158,1.29278
1,-2.64467,1.32391
1,-2.62809,1.355
1,-2.71562,1.26076
1,-2.69813,1.29163
1,-2.68089,1.32258
1,-2.73464,1.2908
1,-2.71712,1.32157
1,-2.69991,1.35243
1,-2.75328,1.32086
1,-2.73581,1.35154
1,-2.7222,1.16498
1,-2.74024,1.13403
1,-2.75882,1.10315
1,-2.778,1.07237
1,-2.7978,1.04185
1,-2.70154,1.13543
1,-2.71946,1.10426
1,-2.73803,1.07319
1,-2.75718,1.04232
1,-2.68024,1.10601
1,-2.69811,1.07467
1,-2.71657,1.04349
1,-2.65834,1.07684
1,-2.67609,1.04537
1,-2.7553,1.38257
1,-2.77362,1.41303
1,-2.79173,1.44354
1,-2.79133,1.38221
1,-2.99978,1.23003
1,-3.01692,1.26112
1,-3.03376,1.29234
1,-3.13351,2.3985
1,3.11471,2.37291
1,3.08152,2.34668
1,-2.27388,2.90489
1,-2.12428,2.9049
1,-2.36931,2.93293
1,-2.19909,2.93584
1,-2.02884,2.93292
1,-2.4926,2.95858
1,-2.29948,2.9654
1,-2.09867,2.96537
1,-1.90553,2.95859
1,-2.65223,2.98071
1,-2.43788,2.99251
1,-2.19905,2.9967
1,-1.96036,2.99253
1,-1.74593,2.98069
1,-2.63123,3.01565
1,-2.3516,3.02576
1,-2.04648,3.02578
1,-1.76704,3.01564
1,-2.59429,3.05046
1,-2.19904,3.05743
1,-1.80379,3.05045
1,-2.32399,2.70532
1,-2.24097,2.70798
1,-2.15732,2.708
1,-2.07426,2.70532
1,-2.28854,2.7373
1,-2.19916,2.73874
1,-2.10971,2.73732
1,-2.24737,2.76879
1,-2.15086,2.76881
1,-2.19913,2.79956
1,-2.04454,2.66876
1,-2.12138,2.67237
1,-2.1991,2.67359
1,-2.27691,2.67238
1,-2.35369,2.66875
1,-2.08927,2.64061
1,-2.16239,2.64285
1,-2.23589,2.64287
1,-2.309,2.6406
1,-2.12963,2.61166
1,-2.19913,2.61273
1,-2.26865,2.61166
1,-2.16608,2.58215
1,-2.23217,2.58213
1,-2.08273,2.48596
1,-2.10804,2.51799
1,-2.13562,2.54968
1,-2.11501,2.4568
1,-2.14074,2.48842
1,-2.16865,2.51974
1,-2.19913,2.55062
1,-2.14505,2.42716
1,-2.17103,2.45835
1,-2.19909,2.48924
1,-2.22953,2.51972
1,-2.26256,2.54968
1,-2.19909,2.42786
1,-2.22717,2.45835
1,-2.25747,2.4884
1,-2.29018,2.51799
1,-2.25313,2.42716
1,-2.28317,2.45679
1,-2.31545,2.48597
1,-2.2935,2.30264
1,-2.2464,2.30432
1,-2.19913,2.30488
1,-2.15179,2.30431
1,-2.10472,2.30265
1,-2.27204,2.33399
1,-2.22345,2.33519
1,-2.17475,2.33516
1,-2.12616,2.334
1,-2.24922,2.36513
1,-2.1991,2.36573
1,-2.14898,2.36512
1,-2.22495,2.39591
1,-2.17326,2.39592
1,-2.13035,2.26899
1,-2.17614,2.27003
1,-2.22206,2.27001
1,-2.26787,2.269
1,-2.15433,2.23924
1,-2.19909,2.23972
1,-2.24388,2.23922
1,-2.17724,2.20917
1,-2.22099,2.20915
1,-2.19911,2.17891
1,-2.22964,2.1486
1,-2.252,2.17836
1,-2.2753,2.20795
1,-2.29968,2.23724
1,-2.32515,2.26619
1,-2.27147,2.1472
1,-2.29471,2.17652
1,-2.3189,2.20562
1,-2.34415,2.23438
1,-2.31322,2.14497
1,-2.33727,2.17381
1,-2.36226,2.2024
1,-2.35479,2.14196
1,-2.37953,2.1703
1,-2.50167,2.43506
1,-2.4658,2.40918
1,-2.43191,2.38263
1,-2.39986,2.35551
1,-2.44861,2.44243
1,-2.41393,2.41562
1,-2.38132,2.38819
1,-2.39464,2.4484
1,-2.36144,2.42069
1,-2.33025,2.39248
1,-2.34012,2.45289
1,-2.30852,2.42438
1,-2.45344,2.62933
1,-2.47445,2.59591
1,-2.49332,2.56227
1,-2.51037,2.52844
1,-2.52579,2.49461
1,-2.40771,2.60278
1,-2.4302,2.56973
1,-2.45058,2.53645
1,-2.46899,2.50302
1,-2.36588,2.57536
1,-2.38953,2.54275
1,-2.41095,2.50988
1,-2.32767,2.54728
1,-2.35203,2.51511
1,-2.42609,2.69837
1,-2.39835,2.73149
1,-2.36602,2.76435
1,-2.32789,2.79682
1,-2.2823,2.82865
1,-2.48361,2.72393
1,-2.459,2.75769
1,-2.42974,2.79125
1,-2.39473,2.82441
1,-2.54814,2.74814
1,-2.52768,2.78245
1,-2.50317,2.81656
1,-2.62021,2.77066
1,-2.60553,2.80536
1,-2.42169,2.31998
1,-2.45316,2.34667
1,-2.48638,2.37288
1,-2.3401,2.87177
1,-2.42989,2.8985
1,-2.54044,2.92292
1,-2.67607,2.94413
1,-2.46746,2.86471
1,-2.5669,2.88833
1,-2.68495,2.90909
1,-2.58719,2.85362
1,-2.69165,2.87401
1,-2.69675,2.83894
1,-2.57576,2.51972
1,-2.56234,2.55396
1,-2.54748,2.58817
1,-2.63818,2.67756
1,-2.56328,2.68915
1,-2.77436,2.68324
1,-2.70211,2.69882
1,-2.62528,2.71222
1,-2.77157,2.71828
1,-2.69354,2.73366
1,-2.91937,2.80293
1,-2.91102,2.76785
1,-2.82743,2.82184
1,-2.82746,2.78664
1,-2.82741,2.75143
1,-2.73557,2.80294
1,-2.74383,2.76785
1,-3.12404,2.62222
1,-3.10743,2.58819
1,-3.0925,2.55398
1,-2.97894,2.94415
1,-3.11439,2.92292
1,3.05824,2.8985
1,2.96845,2.87177
1,-2.96985,2.90911
1,-3.08791,2.88835
1,3.09583,2.86473
1,-2.96321,2.874
1,-3.06766,2.85362
1,-2.95808,2.83896
1,-2.25646,1.97798
1,-2.21827,1.97851
1,-2.17999,1.97853
1,-2.14177,1.97798
1,-2.23792,2.00873
1,-2.19913,2.00902
1,-2.16032,2.00874
1,-2.21881,2.03938
1,-2.17942,2.03939
1,-2.19912,2.06983
1,-2.12378,1.94292
1,-2.1614,1.94362
1,-2.19911,1.94386
1,-2.23686,1.94363
1,-2.27446,1.94291
1,-2.1432,1.91293
1,-2.18047,1.91335
1,-2.21779,1.91337
1,-2.25506,1.91292
1,-2.16223,1.88278
1,-2.19912,1.883
1,-2.23602,1.88279
1,-2.18087,1.85262
1,-2.21737,1.8526
1,-2.30435,1.97661
1,-2.28631,2.00756
1,-2.26772,2.03844
1,-2.24855,2.06922
1,-2.22875,2.09974
1,-2.32501,2.00616
1,-2.30708,2.03733
1,-2.28852,2.0684
1,-2.26937,2.09927
1,-2.34631,2.03558
1,-2.32844,2.06692
1,-2.30998,2.0981
1,-2.36821,2.06476
1,-2.35046,2.09622
1,-2.04242,0.910737
1,-2.00938,0.933868
1,-2.08394,0.922677
1,-2.05041,0.945157
1,-2.01799,0.96819
1,-2.12474,0.935418
1,-2.09091,0.957306
1,-2.05804,0.979708
1,-2.02623,1.0026
1,-2.16476,0.948965
1,-2.13069,0.970184
1,-2.09755,0.992017
1,-2.06537,1.01431
1,-2.03411,1.03702
1,-2.1697,0.983794
1,-2.13636,1.00498
1,-2.1039,1.02672
1,-2.07233,1.04886
1,-2.17442,1.01861
1,-2.14177,1.03972
1,-2.10996,1.06133
1,-2.38886,0.933845
1,-2.35579,0.91074
1,-2.38021,0.968183
1,-2.34781,0.945149
1,-2.31428,0.92266
1,-2.372,1.00259
1,-2.34015,0.979718
1,-2.30733,0.957278
1,-2.27347,0.935416
1,-2.3641,1.03702
1,-2.33288,1.0143
1,-2.30066,0.992006
1,-2.26754,0.970201
1,-2.23347,0.948944
1,-2.32589,1.04887
1,-2.26185,1.00499
1,-2.22854,0.983791
1,-2.28825,1.06133
1,-2.25645,1.03972
1,-2.2238,1.01859
1,-2.40542,1.02712
1,-2.46505,0.948626
1,-2.45467,0.982712
1,-2.44475,1.01685
1,-2.49549,0.973361
1,-2.48461,1.00729
1,-2.52489,0.998454
1,-2.5052,0.74309
1,-2.55794,0.828209
1,-2.52542,0.802255
1,-2.49121,0.776853
1,-2.51156,0.8359
1,-2.47813,0.810724
1,-2.46593,0.844634
1,-2.64214,0.855787
1,-2.5964,0.861315
1,-2.55106,0.867892
1,-2.50622,0.875493
1,-2.4621,0.88402
1,-2.62545,0.88843
1,-2.581,0.894408
1,-2.53691,0.901314
1,-2.49343,0.909149
1,-2.60964,0.921279
1,-2.56636,0.927573
1,-2.52355,0.934762
1,-2.59462,0.954173
1,-2.5525,0.960761
1,-2.57311,0.512267
1,-2.5521,0.545679
1,-2.53323,0.579321
1,-2.51618,0.61315
1,-2.50076,0.64698
1,-2.61884,0.53881
1,-2.59635,0.57186
1,-2.57597,0.605142
1,-2.55756,0.638575
1,-2.66067,0.566228
1,-2.63702,0.598841
1,-2.6156,0.631712
1,-2.69888,0.594313
1,-2.67452,0.626484
1,-2.52488,0.706535
1,-2.56075,0.732417
1,-2.65694,0.81359
1,-2.57794,0.699163
1,-2.61262,0.725975
1,-2.64523,0.753404
1,-2.67599,0.78128
1,-2.63191,0.693193
1,-2.6651,0.720907
1,-2.6963,0.749114
1,-2.68644,0.688704
1,-2.71803,0.717213
1,-2.98202,0.472829
1,-2.90517,0.469219
1,-2.82745,0.468001
1,-2.74964,0.469214
1,-2.67286,0.47284
1,-2.93728,0.500985
1,-2.86416,0.498743
1,-2.79066,0.498719
1,-2.71755,0.500997
1,-2.89692,0.529937
1,-2.82742,0.52886
1,-2.75791,0.52993
1,-2.86047,0.559444
1,-2.79438,0.559462
1,-2.71105,0.655637
1,-2.74337,0.684812
1,-2.77337,0.714459
1,-2.73632,0.623628
1,-2.76906,0.653188
1,-2.79933,0.683272
1,-2.82744,0.713741
1,-2.76393,0.591938
1,-2.797,0.621884
1,-2.82741,0.652366
1,-2.8555,0.683256
1,-2.88145,0.714463
1,-2.82741,0.590987
1,-2.85784,0.621885
1,-2.88579,0.653171
1,-2.91149,0.684817
1,-2.89087,0.591943
1,-2.9185,0.623616
1,-2.94376,0.655646
1,3.13351,0.743091
1,-3.11471,0.768681
1,-2.27121,1.75904
1,-2.25291,1.72857
1,-2.23478,1.69808
1,-2.25355,1.78992
1,-2.23521,1.75938
1,-2.21705,1.72879
1,-2.1991,1.69813
1,-2.23563,1.82073
1,-2.21727,1.79017
1,-2.1991,1.75951
1,-2.18117,1.72879
1,-2.16341,1.69807
1,-2.19912,1.82089
1,-2.18093,1.79019
1,-2.16302,1.75939
1,-2.14528,1.72858
1,-2.16257,1.82072
1,-2.14467,1.78991
1,-2.12698,1.75903
1,-2.25179,1.54048
1,-2.16391,1.51003
1,-2.1991,1.51
1,-2.23431,1.51002
1,-2.18147,1.47957
1,-2.21676,1.47955
1,-2.19911,1.44918
1,-2.22498,1.41913
1,-2.24285,1.44941
1,-2.26059,1.47978
1,-2.27826,1.51017
1,-2.29583,1.54052
1,-2.26047,1.41895
1,-2.27825,1.44931
1,-2.29588,1.47976
1,-2.31343,1.51018
1,-2.29598,1.41893
1,-2.31364,1.44936
1,-2.33113,1.47985
1,-2.33145,1.41909
1,-2.34891,1.44958
1,-2.39615,1.7252
1,-2.37765,1.69531
1,-2.35927,1.66533
1,-2.34098,1.63527
1,-2.32282,1.6053
1,-2.36066,1.72613
1,-2.34224,1.69614
1,-2.32397,1.66604
1,-2.30578,1.63597
1,-2.32512,1.72688
1,-2.30685,1.69679
1,-2.28869,1.66667
1,-2.28966,1.72742
1,-2.27152,1.69729
1,-2.36154,1.6023
1,-2.37983,1.63224
1,-2.39823,1.66221
1,-2.41667,1.69213
1,-2.39664,1.60139
1,-2.41502,1.63133
1,-2.4335,1.66126
1,-2.43178,1.60044
1,-2.45024,1.63035
1,-2.46687,1.59945
1,-2.665,1.53929
1,-2.64672,1.50935
1,-2.62832,1.47938
1,-2.88011,1.60112
1,-2.84502,1.60116
1,-2.80987,1.60117
1,3.11659,1.17022
1,3.09439,1.14161
1,3.07158,1.11315
1,-2.18114,1.34325
1,-2.21711,1.34323
1,-2.16282,1.31304
1,-2.19912,1.3129
1,-2.23543,1.31305
1,-2.14418,1.28291
1,-2.1808,1.28252
1,-2.21745,1.28255
1,-2.25407,1.2829
1,-2.12522,1.25285
1,-2.16212,1.25226
1,-2.19912,1.25204
1,-2.23611,1.25224
1,-2.27303,1.25286
1,-2.14311,1.22213
1,-2.18043,1.2217
1,-2.21781,1.22168
1,-2.25512,1.22213
1,-2.16139,1.19153
1,-2.19912,1.19131
1,-2.23686,1.19154
1,-2.29311,1.28425
1,-2.27427,1.31426
1,-2.25565,1.34439
1,-2.23732,1.37456
1,-2.31056,1.31506
1,-2.29169,1.34504
1,-2.27308,1.3751
1,-2.32773,1.34599
1,-2.30888,1.3759
1,-2.34462,1.37693
1,-2.43338,1.20766
1,-2.44852,1.17556
1,-2.39619,1.2119
1,-2.41089,1.17958
1,-2.42594,1.14731
1,-2.3591,1.21663
1,-2.37323,1.18408
1,-2.3878,1.1516
1,-2.40274,1.11921
1,-2.32213,1.22177
1,-2.33574,1.18911
1,-2.3497,1.15641
1,-2.36409,1.12381
1,-2.37891,1.09134
1,-2.29844,1.19459
1,-2.31185,1.16177
1,-2.32562,1.12896
1,-2.33982,1.0963
1,-2.27426,1.16762
1,-2.28744,1.1347
1,-2.30099,1.10184
1,-2.45518,1.23848
1,-2.41833,1.24247
1,-2.38153,1.24687
1,-2.4198,1.08497
1,-2.44326,1.11315
1,-2.46608,1.1416
1,-2.48828,1.17021
1,-2.45929,1.08105
1,-2.48225,1.10965
1,-2.50457,1.13846
1,-2.49898,1.07781
1,-2.52139,1.10676
1,-2.53871,1.07523
1,-2.60461,1.32362
1,-2.62111,1.29237
1,-2.63792,1.26113
1,-2.77009,1.16361
1,-2.80828,1.16308
1,-2.84656,1.16306
1,-1.83377,2.25758
1,-1.87791,2.26611
1,-1.92272,2.2737
1,-1.96807,2.28027
1,-2.01382,2.28579
1,-1.8651,2.23245
1,-1.9086,2.24027
1,-1.95266,2.24721
1,-1.99712,2.25314
1,-1.89522,2.20683
1,-1.93804,2.214
1,-1.9813,2.22032
1,-1.92417,2.18082
1,-1.96627,2.18743
1,-2.11597,2.82864
1,-2.07035,2.79681
1,-2.03224,2.76437
1,-1.99987,2.73151
1,-1.97211,2.69838
1,-2.00354,2.82441
1,-1.96847,2.79125
1,-1.9393,2.7577
1,-1.91459,2.72395
1,-1.89506,2.81657
1,-1.87051,2.78245
1,-1.85013,2.74816
1,-1.79267,2.80537
1,-1.77807,2.77069
1,-1.87242,2.49462
1,-1.88788,2.52847
1,-1.9049,2.56226
1,-1.92378,2.59594
1,-1.94481,2.62933
1,-1.92924,2.50304
1,-1.94771,2.53647
1,-1.968,2.56976
1,-1.99055,2.6028
1,-1.98731,2.5099
1,-2.00871,2.54276
1,-2.03235,2.57539
1,-2.04618,2.51513
1,-2.0706,2.54728
1,-1.99836,2.35553
1,-1.96633,2.38262
1,-1.9324,2.40919
1,-1.89657,2.43507
1,-2.01692,2.38822
1,-1.98425,2.41562
1,-1.94961,2.44245
1,-2.06797,2.3925
1,-2.03677,2.4207
1,-2.00356,2.44841
1,-2.08968,2.42438
1,-2.05813,2.45291
1,-2.07309,2.26619
1,-2.09855,2.23726
1,-2.12291,2.20796
1,-2.14623,2.17835
1,-2.16857,2.1486
1,-2.05409,2.23441
1,-2.0793,2.20562
1,-2.10353,2.17651
1,-2.12675,2.1472
1,-2.03594,2.2024
1,-2.06097,2.17382
1,-2.085,2.14498
1,-2.01867,2.17032
1,-2.04345,2.14197
1,-1.87499,1.89541
1,-1.8957,1.86642
1,-1.91611,1.83727
1,-1.93617,1.80801
1,-1.9559,1.7787
1,-1.85913,1.86376
1,-1.87976,1.8348
1,-1.90012,1.80572
1,-1.92014,1.77657
1,-1.84353,1.83202
1,-1.86408,1.80313
1,-1.88438,1.77416
1,-1.82821,1.80027
1,-1.8487,1.77149
1,-1.94163,2.14028
1,-1.98317,2.1446
1,-1.92612,2.10764
1,-1.96678,2.11227
1,-2.00765,2.11615
1,-1.95098,2.07982
1,-1.99105,2.08399
1,-2.04877,1.95045
1,-2.01107,1.94898
1,-1.97336,1.94704
1,-1.93567,1.94462
1,-1.89817,1.9417
1,-2.02858,1.98014
1,-1.99037,1.97848
1,-1.95217,1.97625
1,-1.91413,1.97351
1,-2.00785,2.00975
1,-1.96913,2.00778
1,-1.93053,2.00525
1,-1.98658,2.03913
1,-1.94739,2.03684
1,-2.02677,1.91156
1,-2.00963,1.88048
1,-1.99279,1.84925
1,-1.9763,1.81798
1,-1.98958,1.91002
1,-1.9728,1.87871
1,-1.95631,1.84731
1,-1.9524,1.90804
1,-1.93597,1.87654
1,-1.91532,1.90563
1,-1.99977,1.7866
1,-2.01637,1.8177
1,-2.03326,1.8488
1,-2.05046,1.87986
1,-2.06794,1.91072
1,-2.03565,1.78802
1,-2.0526,1.81902
1,-2.0698,1.85
1,-2.08732,1.88085
1,-2.07161,1.78917
1,-2.08881,1.82004
1,-2.10633,1.85082
1,-2.10748,1.79007
1,-2.12498,1.82073
1,-2.16949,2.09974
1,-2.14968,2.06921
1,-2.13052,2.03846
1,-2.11192,2.00757
1,-2.09387,1.97662
1,-2.12887,2.09927
1,-2.1097,2.0684
1,-2.09117,2.03733
1,-2.07321,2.00618
1,-2.08826,2.09811
1,-2.06977,2.06692
1,-2.05194,2.03559
1,-2.04776,2.09623
1,-2.03005,2.06477
1,-1.89304,0.743091
1,-1.85807,0.768681
1,-1.90701,0.776834
1,-1.87284,0.802229
1,-1.84032,0.828212
1,-1.92008,0.810713
1,-1.88668,0.835914
1,-1.93231,0.844627
1,-1.99285,1.0271
1,-1.98386,0.992855
1,-1.97449,0.958589
1,-1.96468,0.924408
1,-1.95349,1.01686
1,-1.94358,0.982731
1,-1.9332,0.948645
1,-1.91362,1.00729
1,-1.90273,0.97336
1,-1.87335,0.998467
1,-2.04761,0.197441
1,-1.91216,0.218671
1,-1.8016,0.243097
1,-1.71181,0.269819
1,-2.0567,0.232485
1,-1.93864,0.253244
1,-1.83919,0.276863
1,-2.06334,0.26759
1,-1.95888,0.287974
1,-2.06846,0.302633
1,-1.9025,0.519375
1,-1.91911,0.553405
1,-1.93404,0.587608
1,-1.94743,0.621865
1,-1.96946,0.529725
1,-1.98218,0.564218
1,-1.99363,0.598798
1,-2.03397,0.541975
1,-2.04301,0.576787
1,-2.09565,0.55597
1,-1.93978,0.711936
1,-1.95221,0.745995
1,-1.98475,0.848722
1,-1.99077,0.722225
1,-2.00132,0.756594
1,-2.01109,0.791085
1,-2.0202,0.825545
1,-2.04063,0.733766
1,-2.04922,0.76839
1,-2.05722,0.803021
1,-2.08907,0.746487
1,-2.09581,0.781243
1,-1.87873,0.47686
1,-1.95131,0.486768
1,-2.02107,0.498782
1,-2.08767,0.512749
1,-2.15065,0.528497
1,-1.93492,0.452459
1,-2.00986,0.464008
1,-2.0812,0.477762
1,-2.14847,0.493435
1,-1.99694,0.429358
1,-2.07379,0.442791
1,-2.14603,0.458354
1,-2.06517,0.407912
1,-2.14322,0.423321
1,-2.15449,0.57961
1,-2.10221,0.599242
1,-2.05283,0.620085
1,-2.00635,0.642038
1,-1.96265,0.664928
1,-2.15752,0.614647
1,-2.1077,0.634232
1,-2.06044,0.65494
1,-2.01581,0.676663
1,-2.16031,0.649714
1,-2.11269,0.669232
1,-2.06739,0.689775
1,-2.16285,0.684738
1,-2.11722,0.704132
1,-2.03564,0.874091
1,-2.0785,0.885928
1,-2.12056,0.898661
1,-2.1617,0.912223
1,-2.07074,0.851296
1,-2.11413,0.863874
1,-2.15656,0.877363
1,-2.10734,0.829119
1,-2.15114,0.842483
1,-2.14534,0.807651
1,-2.10717,0.338659
1,-2.11553,0.373741
1,-2.19912,0.319756
1,-2.19909,0.354955
1,-2.19913,0.390157
1,-2.29098,0.338653
1,-2.28272,0.373736
1,-2.24293,0.770292
1,-2.24458,0.735108
1,-2.19911,0.787391
1,-2.19913,0.752193
1,-2.1991,0.71699
1,-2.15534,0.770296
1,-2.15364,0.735113
1,-2.23847,1.10746
1,-2.21911,1.07674
1,-2.21851,1.13772
1,-2.51949,0.476848
1,-2.24976,0.493444
1,-2.31705,0.477753
1,-2.38837,0.464034
1,-2.46327,0.452446
1,-2.25219,0.458355
1,-2.32443,0.442776
1,-2.40126,0.429375
1,-2.25497,0.423316
1,-2.33302,0.407937
1,-2.41349,0.848727
1,-2.446,0.746005
1,-2.45843,0.711934
1,-2.37804,0.82555
1,-2.38714,0.791076
1,-2.39694,0.75661
1,-2.40742,0.722235
1,-2.341,0.803029
1,-2.34899,0.768387
1,-2.35761,0.733782
1,-2.3024,0.781252
1,-2.30918,0.746515
1,-2.45079,0.621869
1,-2.46421,0.587635
1,-2.47908,0.553423
1,-2.49574,0.519382
1,-2.40463,0.598812
1,-2.41604,0.564253
1,-2.42873,0.529732
1,-2.35525,0.576787
1,-2.36423,0.541971
1,-2.30258,0.55598
1,-2.68646,0.269819
1,-2.59666,0.243095
1,-2.48611,0.218669
1,-2.35048,0.197464
1,-2.55909,0.276882
1,-2.45965,0.253263
1,-2.34159,0.232504
1,-2.43935,0.287968
1,-2.3349,0.267585
1,-2.3298,0.302646
1,-2.43354,0.924404
1,-2.42373,0.958584
1,-2.41436,0.99285
1,-2.54017,0.76871
1,-2.60046,0.443221
1,-2.6282,0.4101
1,-2.66053,0.377242
1,-2.69867,0.344769
1,-2.74426,0.312947
1,-2.54294,0.417659
1,-2.56756,0.383899
1,-2.59681,0.350341
1,-2.63183,0.31718
1,-2.47841,0.393448
1,-2.49887,0.359144
1,-2.52338,0.325027
1,-2.40634,0.370933
1,-2.42102,0.336235
1,3.12931,0.164865
1,-2.9399,0.15728
1,-2.71497,0.157274
1,-2.50099,0.164857
1,-3.0146,0.189979
1,-2.82746,0.186714
1,-2.64028,0.189972
1,-2.90878,0.217848
1,-2.74603,0.217867
1,-2.82746,0.247529
1,-2.70256,0.436268
1,-2.78558,0.433617
1,-2.86924,0.433598
1,-2.9523,0.436275
1,-2.73801,0.404294
1,-2.82739,0.402848
1,-2.91684,0.404277
1,-2.77918,0.372805
1,-2.8757,0.372787
1,-2.82742,0.342031
1,-2.8962,0.8726
1,-2.85041,0.871565
1,-2.80449,0.871582
1,-2.91058,0.312949
1,-2.9562,0.344779
1,-2.99431,0.377226
1,-3.02668,0.410087
1,-3.05444,0.443217
1,-3.02301,0.317179
1,-3.05809,0.350348
1,-3.08725,0.383895
1,-3.11196,0.41764
1,-3.13149,0.325021
1,3.12714,0.359142
1,3.10676,0.393436
1,3.0493,0.336222
1,3.03471,0.370909
1,-1.98155,1.69213
1,-2,1.66224
1,-2.01838,1.63225
1,-2.03669,1.60231
1,-1.96475,1.66128
1,-1.98319,1.63136
1,-2.00157,1.60139
1,-1.94801,1.63036
1,-1.96644,1.60043
1,-1.93136,1.59946
1,-1.91919,1.56189
1,-1.95425,1.56256
1,-1.98937,1.56328
1,-2.02449,1.56398
1,-2.05954,1.56468
1,-1.93728,1.53183
1,-1.9724,1.53248
1,-2.00756,1.5332
1,-2.04267,1.53394
1,-1.95541,1.50175
1,-1.99059,1.50241
1,-2.02576,1.50317
1,-1.97359,1.47174
1,-2.0088,1.47246
1,-2.07541,1.6053
1,-2.05725,1.6353
1,-2.03897,1.66531
1,-2.02056,1.69533
1,-2.00208,1.7252
1,-2.09243,1.63598
1,-2.07427,1.66607
1,-2.05596,1.69614
1,-2.03756,1.72616
1,-2.10954,1.66669
1,-2.09137,1.6968
1,-2.07309,1.7269
1,-2.12669,1.69729
1,-2.10858,1.72743
1,-2.10241,1.54053
1,-2.11998,1.51018
1,-2.13763,1.47979
1,-2.15538,1.4494
1,-2.17324,1.41913
1,-2.08481,1.5102
1,-2.10232,1.47976
1,-2.11999,1.4493
1,-2.13775,1.41895
1,-2.06708,1.47985
1,-2.08461,1.44937
1,-2.10225,1.41894
1,-2.04929,1.44959
1,-2.06678,1.41911
1,-2.26929,1.57512
1,-2.23424,1.57515
1,-2.19912,1.57515
1,-2.16397,1.57514
1,-2.12894,1.57513
1,-2.25182,1.60554
1,-2.21669,1.6056
1,-2.18152,1.60558
1,-2.14639,1.60555
1,-2.23429,1.63599
1,-2.19911,1.63601
1,-2.16392,1.63598
1,-2.21672,1.66633
1,-2.1815,1.66635
1,-2.14644,1.54047
1,-2.18153,1.54043
1,-2.21668,1.54042
1,-1.90996,1.17022
1,-1.93216,1.14161
1,-1.95497,1.11315
1,-1.9784,1.08494
1,-1.89365,1.13847
1,-1.91596,1.10967
1,-1.93892,1.08107
1,-1.87684,1.10676
1,-1.89926,1.07781
1,-1.85951,1.07524
1,-2.05333,1.25163
1,-2.0167,1.24687
1,-1.97991,1.24247
1,-1.94305,1.23849
1,-2.03074,1.27934
1,-1.99434,1.2748
1,-1.95784,1.27063
1,-2.00848,1.30721
1,-1.97234,1.30289
1,-1.98659,1.33514
1,-1.97363,1.371
1,-1.95469,1.40088
1,-2.00952,1.37241
1,-1.99037,1.40215
1,-1.97143,1.43196
1,-2.02606,1.40361
1,-2.00695,1.43331
1,-1.9497,1.17558
1,-1.96488,1.20766
1,-1.97231,1.14732
1,-1.98735,1.17959
1,-2.00204,1.21192
1,-1.99549,1.11922
1,-2.01046,1.1516
1,-2.02498,1.18411
1,-2.03915,1.21664
1,-2.01934,1.09135
1,-2.03413,1.12381
1,-2.04853,1.15643
1,-2.06251,1.1891
1,-2.0761,1.2218
1,-2.05842,1.0963
1,-2.0726,1.12899
1,-2.08641,1.16178
1,-2.09978,1.19459
1,-2.09726,1.10185
1,-2.1108,1.13471
1,-2.12397,1.16764
1,-2.16092,1.37456
1,-2.14259,1.34439
1,-2.12397,1.31426
1,-2.10509,1.28426
1,-2.12516,1.37512
1,-2.10655,1.34506
1,-2.08768,1.31508
1,-2.08935,1.3759
1,-2.07051,1.34599
1,-2.05361,1.37695
1,-1.66274,2.80293
1,-1.65439,2.76785
1,-1.57079,2.82184
1,-1.57082,2.78664
1,-1.57078,2.75144
1,-1.47893,2.80294
1,-1.4872,2.76786
1,-1.73427,2.2675
1,-1.69141,2.25566
1,-1.64935,2.24293
1,-1.60821,2.22937
1,-1.69917,2.2903
1,-1.65578,2.27772
1,-1.61335,2.26423
1,-1.66257,2.31247
1,-1.61877,2.29911
1,-1.62457,2.33394
1,-1.7275,2.23085
1,-1.76054,2.20772
1,-1.68597,2.21891
1,-1.7195,2.19643
1,-1.75192,2.1734
1,-1.64517,2.20617
1,-1.68224,2.62884
1,-1.61926,2.6131
1,-1.83499,2.68913
1,-1.76006,2.67759
1,-1.68871,2.66383
1,-1.62144,2.64816
1,-1.77297,2.71223
1,-1.69613,2.6988
1,-1.62389,2.68324
1,-1.70474,2.73368
1,-1.62669,2.71827
1,-1.83013,2.42966
1,-1.8177,2.3956
1,-1.80611,2.36141
1,-1.79526,2.32712
1,-1.78516,2.29287
1,-1.77914,2.41937
1,-1.76859,2.385
1,-2.45655,1.34133
1,-1.72928,2.40783
1,-1.58878,1.79834
1,-1.68084,2.3951
1,-1.6741,2.36035
1,-1.86741,2.62222
1,-1.8508,2.58819
1,-1.83587,2.55398
1,-1.82248,2.51973
1,-1.80046,2.61187
1,-1.78773,2.57737
1,-1.77629,2.54279
1,-1.73594,2.59962
1,-1.7269,2.56481
1,-1.67427,2.58562
1,-1.72231,2.94415
1,-1.85776,2.92292
1,-1.96831,2.8985
1,-2.0581,2.87177
1,-1.71322,2.90911
1,-1.83128,2.88835
1,-1.93072,2.86473
1,-1.70657,2.874
1,-1.81103,2.85362
1,-1.70145,2.83896
1,-1.77706,2.1145
1,-1.78605,2.14874
1,-1.79542,2.183
1,-1.80523,2.21718
1,-1.81642,2.12473
1,-1.82633,2.15886
1,-1.83671,2.19295
1,-1.8563,2.1343
1,-1.86718,2.16823
1,-1.89656,2.14313
1,-1.87687,2.3985
1,-1.91184,2.37291
1,-1.94503,2.34668
1,-1.97654,2.31999
1,-1.8629,2.36476
1,-1.89707,2.33936
1,-1.92959,2.31338
1,-1.84983,2.33088
1,-1.88323,2.30568
1,-1.8376,2.29696
1,-1.60899,1.76704
1,-1.62733,1.7972
1,-1.64594,1.82733
1,-1.66483,1.85734
1,-1.64475,1.76647
1,-1.66336,1.79653
1,-1.68224,1.82651
1,-1.68056,1.76569
1,-1.69941,1.79561
1,-1.7163,1.76465
1,-1.82022,1.96601
1,-1.80503,1.93393
1,-1.79761,1.99427
1,-1.78256,1.962
1,-1.76787,1.92967
1,-1.77442,2.02237
1,-1.75945,1.98999
1,-1.74493,1.95748
1,-1.73076,1.92495
1,-1.75057,2.05024
1,-1.73579,2.01778
1,-1.72138,1.98516
1,-1.7074,1.95249
1,-1.69382,1.91979
1,-1.71149,2.0453
1,-1.69731,2.01261
1,-1.68351,1.97981
1,-1.67013,1.947
1,-1.67265,2.03974
1,-1.65911,2.00688
1,-1.64594,1.97395
1,-1.71658,1.88996
1,-1.75321,1.89472
1,-1.79001,1.89912
1,-1.82686,1.9031
1,-1.73917,1.86225
1,-1.77557,1.86679
1,-1.81207,1.87096
1,-1.76143,1.83439
1,-1.79757,1.8387
1,-1.78332,1.80645
1,-1.85995,1.97137
1,-1.83775,1.99998
1,-1.81494,2.02844
1,-1.79151,2.05665
1,-1.87627,2.00312
1,-1.85395,2.03193
1,-1.83099,2.06053
1,-1.89307,2.03483
1,-1.87065,2.06378
1,-1.91041,2.06636
1,-0.640589,0.164864
1,-0.426616,0.15728
1,-0.201687,0.157273
1,-1.42982,0.269818
1,-1.34002,0.243094
1,-1.22947,0.218668
1,-1.89723,0.164864
1,-1.68326,0.15728
1,-1.45833,0.157273
1,-1.24435,0.164857
1,-1.75796,0.189978
1,-1.57082,0.186713
1,-1.38364,0.189971
1,-1.65214,0.217848
1,-1.48939,0.217866
1,-1.57082,0.247527
1,-1.44592,0.436268
1,-1.52894,0.433616
1,-1.6126,0.433598
1,-1.69566,0.436275
1,-1.48137,0.404294
1,-1.57075,0.402847
1,-1.6602,0.404276
1,-1.52254,0.372804
1,-1.61906,0.372786
1,-1.57078,0.34203
1,-1.45441,0.655638
1,-1.48673,0.684811
1,-1.51673,0.714458
1,-1.47968,0.623628
1,-1.51243,0.653188
1,-1.54269,0.683272
1,-1.5708,0.713741
1,-1.50729,0.591938
1,-1.54036,0.621884
1,-1.57077,0.652366
1,-1.59886,0.683256
1,-1.62481,0.714463
1,-1.57077,0.590988
1,-1.6012,0.621884
1,-1.62915,0.653172
1,-1.65485,0.684818
1,-1.63423,0.591943
1,-1.66186,0.623616
1,-1.68712,0.655647
1,-1.59516,0.806429
1,-1.64375,0.807595
1,-1.52069,0.776462
1,-1.57081,0.775858
1,-1.62093,0.77647
1,-1.54496,0.745685
1,-1.59665,0.745668
1,-1.63956,0.8726
1,-1.59377,0.871565
1,-1.54785,0.871582
1,-1.50204,0.872592
1,-1.61558,0.902356
1,-1.57082,0.901868
1,-1.52603,0.902374
1,-1.59268,0.932421
1,-1.54892,0.932439
1,-1.5708,0.962685
1,-1.69682,0.875398
1,-1.67136,0.904334
1,-1.64701,0.933633
1,-1.62368,0.963239
1,-1.60134,0.992995
1,-1.71582,0.907186
1,-1.69061,0.935973
1,-1.66638,0.965081
1,-1.64316,0.994396
1,-1.73397,0.93919
1,-1.70894,0.967768
1,-1.68491,0.996613
1,-1.75124,0.971277
1,-1.72646,0.99962
1,-1.74131,0.813594
1,-1.83751,0.732402
1,-1.87334,0.706527
1,-1.72227,0.781268
1,-1.753,0.753371
1,-1.78566,0.725972
1,-1.82031,0.699139
1,-1.70194,0.749093
1,-1.73314,0.720896
1,-1.76635,0.693182
1,-1.68023,0.717213
1,-1.71178,0.688685
1,-1.89749,0.646976
1,-1.88203,0.613126
1,-1.86501,0.579336
1,-1.84613,0.545651
1,-1.8251,0.512268
1,-1.84067,0.63855
1,-1.8222,0.605126
1,-1.80191,0.571831
1,-1.77936,0.538791
1,-1.78261,0.631696
1,-1.7612,0.598829
1,-1.73756,0.566206
1,-1.72373,0.626468
1,-1.69932,0.59431
1,-1.65395,0.312949
1,-1.69956,0.344778
1,-1.73767,0.377226
1,-1.77004,0.410087
1,-1.7978,0.443217
1,-1.76638,0.317179
1,-1.80145,0.350346
1,-1.83061,0.383895
1,-1.85532,0.417639
1,-1.87485,0.32502
1,-1.89941,0.35914
1,-1.91979,0.393435
1,-1.97724,0.336222
1,-1.99184,0.370908
1,-1.82828,1.00131
1,-1.78674,0.996993
1,-1.8438,1.03395
1,-1.80313,1.02932
1,-1.76226,1.02544
1,-1.81893,1.06177
1,-1.77886,1.0576
1,-1.93614,0.884011
1,-1.892,0.875486
1,-1.84719,0.86789
1,-1.80184,0.861324
1,-1.75609,0.855799
1,-1.90481,0.909142
1,-1.86131,0.901318
1,-1.81725,0.894386
1,-1.77279,0.888451
1,-1.87469,0.934767
1,-1.83187,0.927589
1,-1.78861,0.921269
1,-1.84574,0.960775
1,-1.80364,0.954163
1,-1.62348,1.60112
1,-1.58839,1.60116
1,-1.55323,1.60117
1,-1.51812,1.60111
1,-1.606,1.63156
1,-1.57081,1.6316
1,-1.5356,1.63158
1,-1.58844,1.66202
1,-1.55315,1.66204
1,-1.5708,1.69241
1,-1.6675,1.60107
1,-1.64994,1.63141
1,-1.63229,1.6618
1,-1.61453,1.6922
1,-1.59667,1.72246
1,-1.6851,1.63139
1,-1.66759,1.66184
1,-1.64992,1.69229
1,-1.63216,1.72264
1,-1.70283,1.66174
1,-1.6853,1.69223
1,-1.66767,1.72266
1,-1.72062,1.692
1,-1.70313,1.72248
1,-1.69451,1.53629
1,-1.71267,1.5063
1,-1.73094,1.47628
1,-1.74935,1.44626
1,-1.76783,1.41639
1,-1.67749,1.50561
1,-1.69564,1.47552
1,-1.71395,1.44545
1,-1.73235,1.41543
1,-1.66037,1.47491
1,-1.67854,1.44479
1,-1.69682,1.4147
1,-1.64322,1.4443
1,-1.66133,1.41416
1,-1.76297,1.70828
1,-1.74385,1.73798
1,-1.79848,1.70963
1,-1.77954,1.73945
1,-1.76039,1.76919
1,-1.81522,1.74071
1,-1.79628,1.77059
1,-1.85072,1.5797
1,-1.81566,1.57903
1,-1.78054,1.57831
1,-1.74543,1.57761
1,-1.71037,1.57691
1,-1.83263,1.60976
1,-1.79751,1.60911
1,-1.76235,1.60839
1,-1.72725,1.60765
1,-1.8145,1.63984
1,-1.77933,1.63919
1,-1.74415,1.63842
1,-1.79632,1.66986
1,-1.76111,1.66913
1,-1.78836,1.44946
1,-1.76991,1.47935
1,-1.75154,1.50934
1,-1.73322,1.53928
1,-1.80517,1.48031
1,-1.78672,1.51023
1,-1.76834,1.5402
1,-1.8219,1.51123
1,-1.80347,1.54117
1,-1.83855,1.54213
1,-1.81175,1.41204
1,-1.82835,1.443
1,-1.84486,1.47405
1,-1.86131,1.50514
1,-1.87762,1.53619
1,-1.84722,1.41328
1,-1.86376,1.44433
1,-1.88017,1.47548
1,-1.89645,1.50658
1,-1.88275,1.41469
1,-1.89913,1.44584
1,-1.91539,1.47699
1,-1.91819,1.41629
1,-1.9344,1.44747
1,-1.95817,1.72955
1,-1.94156,1.69859
1,-1.92505,1.66754
1,-1.9086,1.63645
1,-1.89229,1.60541
1,-1.92269,1.72831
1,-1.90615,1.69727
1,-1.88974,1.66612
1,-1.87346,1.63501
1,-1.88716,1.7269
1,-1.87078,1.69576
1,-1.85453,1.66461
1,-1.85172,1.7253
1,-1.83551,1.69412
1,-1.60042,1.04186
1,-1.62023,1.07238
1,-1.63939,1.10314
1,-1.65799,1.13402
1,-1.67604,1.16498
1,-1.64104,1.04232
1,-1.66021,1.07319
1,-1.67874,1.10426
1,-1.6967,1.13541
1,-1.68166,1.04349
1,-1.70014,1.07467
1,-1.71798,1.106
1,-1.72215,1.04536
1,-1.73986,1.07682
1,-1.77015,1.35499
1,-1.75354,1.32389
1,-1.73665,1.29279
1,-1.71945,1.26173
1,-1.70197,1.23087
1,-1.73426,1.35357
1,-1.71731,1.32257
1,-1.70011,1.29159
1,-1.68259,1.26074
1,-1.69831,1.35242
1,-1.6811,1.32156
1,-1.66358,1.29078
1,-1.66243,1.35152
1,-1.64493,1.32086
1,-1.72115,1.19114
1,-1.75884,1.19261
1,-1.79656,1.19456
1,-1.83424,1.19698
1,-1.87175,1.1999
1,-1.74134,1.16145
1,-1.77954,1.16311
1,-1.81774,1.16534
1,-1.85578,1.16809
1,-1.76206,1.13184
1,-1.80078,1.13381
1,-1.83938,1.13635
1,-1.78333,1.10246
1,-1.82252,1.10475
1,-1.74315,1.23003
1,-1.76028,1.26112
1,-1.77712,1.29234
1,-1.79361,1.32361
1,-1.78033,1.23157
1,-1.79711,1.26288
1,-1.8136,1.29429
1,-1.81752,1.23356
1,-1.83394,1.26505
1,-1.8546,1.23596
1,-1.89492,1.24618
1,-1.87421,1.27518
1,-1.8538,1.30432
1,-1.83375,1.33359
1,-1.81401,1.36289
1,-1.91078,1.27784
1,-1.89015,1.30679
1,-1.8698,1.33587
1,-1.84977,1.36502
1,-1.92638,1.30957
1,-1.90583,1.33847
1,-1.88553,1.36744
1,-1.9417,1.34133
1,-1.92121,1.3701
1,-1.33637,2.21719
1,-1.34618,2.18301
1,-1.35555,2.14874
1,-1.36449,2.11448
1,-1.30487,2.19297
1,-1.31524,2.15888
1,-1.32516,2.12475
1,-1.27442,2.16823
1,-1.2853,2.1343
1,-1.24502,2.14314
1,-1.08346,2.87177
1,-1.17326,2.8985
1,-1.28381,2.92292
1,-1.41943,2.94413
1,-1.21083,2.86471
1,-1.31027,2.88833
1,-1.42832,2.90909
1,-1.33055,2.85362
1,-1.43502,2.87401
1,-1.44011,2.83895
1,-1.31912,2.51972
1,-1.3057,2.55396
1,-1.29084,2.58817
1,-1.27417,2.62221
1,-1.36528,2.54278
1,-1.35387,2.57734
1,-1.34118,2.61186
1,-1.41466,2.56481
1,-1.40568,2.59962
1,-1.46733,2.58561
1,-1.35642,2.29286
1,-1.34632,2.32713
1,-1.33548,2.36139
1,-1.32391,2.39559
1,-1.31148,2.42966
1,-1.37297,2.38498
1,-1.36249,2.41936
1,-1.4123,2.40781
1,-1.46751,2.36034
1,-1.46073,2.39508
1,-1.52232,2.61309
1,-1.45933,2.62884
1,-1.39279,2.6428
1,-1.32302,2.65483
1,-1.25042,2.66475
1,-1.52015,2.64815
1,-1.45287,2.66384
1,-1.38154,2.67756
1,-1.30664,2.68915
1,-1.51773,2.68324
1,-1.44548,2.69882
1,-1.36865,2.71222
1,-1.51494,2.71828
1,-1.4369,2.73366
1,-1.33432,2.47667
1,-1.378,2.49955
1,-1.42449,2.52149
1,-1.47391,2.54235
1,-1.52618,2.56197
1,-1.38746,2.46493
1,-1.43213,2.48663
1,-1.47938,2.50737
1,-1.5292,2.52694
1,-1.43906,2.4518
1,-1.48435,2.47237
1,-1.53198,2.49188
1,-1.48887,2.43743
1,-1.5345,2.45686
1,-1.38106,2.20775
1,-1.41412,2.23085
1,-1.3897,2.17341
1,-1.4221,2.19644
1,-1.45564,2.21893
1,-1.39792,2.13901
1,-1.42976,2.16187
1,-1.46258,2.18431
1,-1.49645,2.20617
1,-1.40581,2.10457
1,-1.43703,2.12729
1,-1.46925,2.14959
1,-1.50238,2.17139
1,-1.53645,2.19265
1,-1.44402,2.09272
1,-1.47558,2.11489
1,-1.50807,2.13661
1,-1.54137,2.1578
1,-1.48167,2.08027
1,-1.51347,2.10187
1,-1.54611,2.123
1,-1.53335,2.22934
1,-1.49225,2.24293
1,-1.45019,2.25567
1,-1.40733,2.2675
1,-1.52826,2.26421
1,-1.48583,2.2777
1,-1.44245,2.29028
1,-1.52282,2.29911
1,-1.47902,2.31248
1,-1.51704,2.33393
1,-1.52533,2.40648
1,-1.57081,2.4246
1,-1.52698,2.3713
1,-1.57078,2.3894
1,-1.61627,2.40648
1,-1.5708,2.3542
1,-1.61458,2.3713
1,-1.35011,2.05662
1,-1.32665,2.02844
1,-1.30384,1.99999
1,-1.28164,1.97138
1,-1.31063,2.06054
1,-1.28766,2.03194
1,-1.26534,2.00314
1,-1.27094,2.06378
1,-1.24852,2.03483
1,-1.2312,2.06637
1,-1.31473,1.90311
1,-1.35158,1.89913
1,-1.38838,1.89473
1,-1.42502,1.88992
1,-1.3295,1.87096
1,-1.366,1.86679
1,-1.4024,1.86225
1,-1.34403,1.83871
1,-1.38016,1.83439
1,-1.35825,1.80645
1,-1.33653,1.93394
1,-1.32139,1.96604
1,-1.37373,1.92969
1,-1.35903,1.96202
1,-1.34397,1.99428
1,-1.41082,1.92497
1,-1.39668,1.95751
1,-1.38211,1.99
1,-1.36718,2.02239
1,-1.44778,1.91982
1,-1.43417,1.95248
1,-1.42021,1.98518
1,-1.40583,2.01778
1,-1.391,2.05025
1,-1.47147,1.947
1,-1.45806,1.97982
1,-1.44429,2.01263
1,-1.4301,2.04529
1,-1.49565,1.97397
1,-1.48248,2.00689
1,-1.46893,2.03976
1,-1.4768,1.85734
1,-1.49565,1.82733
1,-1.51426,1.7972
1,-1.53259,1.76704
1,-1.45935,1.82654
1,-1.47822,1.79656
1,-1.49683,1.7665
1,-1.44218,1.7956
1,-1.46103,1.76569
1,-1.42529,1.76466
1,-1.53144,2.03413
1,-1.5508,2.06486
1,-1.5514,2.00387
1,-1.57078,2.03444
1,-1.59077,2.06486
1,-1.59016,2.00388
1,-1.61017,2.03414
1,-1.5528,1.79836
1,-1.60709,1.82855
1,-1.57079,1.82869
1,-1.53449,1.82854
1,-1.62573,1.85869
1,-1.58912,1.85907
1,-1.55246,1.85905
1,-1.51584,1.8587
1,-1.64469,1.88875
1,-1.60779,1.88933
1,-1.57079,1.88955
1,-1.53381,1.88935
1,-1.49688,1.88873
1,-1.6268,1.91947
1,-1.58948,1.91989
1,-1.5521,1.91991
1,-1.5148,1.91946
1,-1.60852,1.95006
1,-1.57079,1.95028
1,-1.53305,1.95005
1,0.0122949,0.164857
1,-0.501314,0.189979
1,-0.314174,0.186714
1,-0.127002,0.189972
1,-0.395497,0.217847
1,-0.23275,0.217866
1,-0.314177,0.247528
1,-0.189283,0.436269
1,-0.272301,0.433617
1,-0.355957,0.433597
1,-0.655512,0.218671
1,-0.544963,0.243097
1,-0.455165,0.269821
1,-0.800055,0.232485
1,-0.681992,0.253244
1,-0.582546,0.276862
1,-0.806698,0.267591
1,-0.70224,0.287975
1,-0.811821,0.302632
1,-0.645864,0.519374
1,-0.662474,0.553405
1,-0.677405,0.587608
1,-0.85053,0.338659
1,-0.858885,0.373741
1,-0.942477,0.319757
1,-0.94245,0.354955
1,-0.942492,0.390156
1,-1.03434,0.338652
1,-1.02607,0.373736
1,-1.17896,0.664918
1,-1.13527,0.642038
1,-1.08879,0.620101
1,-1.03936,0.599242
1,-0.987095,0.57962
1,-1.12581,0.676659
1,-1.08114,0.654965
1,-1.03389,0.634222
1,-0.984069,0.614657
1,-1.07421,0.689793
1,-1.02892,0.669217
1,-0.981298,0.649716
1,-1.0244,0.704159
1,-0.978771,0.684733
1,-0.99095,0.528506
1,-1.05394,0.512751
1,-1.12049,0.498795
1,-1.19026,0.486765
1,-1.26285,0.476848
1,-0.993124,0.493444
1,-1.0604,0.477752
1,-1.13173,0.464034
1,-1.20663,0.452445
1,-0.995547,0.458355
1,-1.06779,0.442776
1,-1.14463,0.429376
1,-0.998333,0.423316
1,-1.07638,0.407937
1,-1.15686,0.848727
1,-1.18936,0.746005
1,-1.20179,0.711933
1,-1.1214,0.82555
1,-1.1305,0.791076
1,-1.1403,0.75661
1,-1.15079,0.722235
1,-1.08437,0.803028
1,-1.09235,0.768387
1,-1.10097,0.733782
1,-1.04576,0.781252
1,-1.05254,0.746515
1,-1.19415,0.621869
1,-1.20757,0.587635
1,-1.22244,0.553424
1,-1.2391,0.519382
1,-1.14799,0.598812
1,-1.1594,0.564253
1,-1.1721,0.529732
1,-1.09861,0.576788
1,-1.10759,0.541971
1,-1.04594,0.555981
1,-1.09383,0.197463
1,-1.30244,0.276881
1,-1.20301,0.253262
1,-1.08495,0.232503
1,-1.18272,0.287967
1,-1.07825,0.267585
1,-1.07316,0.302647
1,-1.17691,0.924403
1,-1.16709,0.958584
1,-1.15773,0.992851
1,-1.28353,0.768709
1,-1.24857,0.74309
1,-1.3013,0.828209
1,-1.26879,0.802255
1,-1.23457,0.776853
1,-1.25493,0.8359
1,-1.2215,0.810724
1,-1.20929,0.844634
1,-1.54027,0.992993
1,-1.51791,0.96323
1,-1.49461,0.933647
1,-1.47023,0.904349
1,-1.44476,0.875406
1,-1.49844,0.994394
1,-1.4752,0.965076
1,-1.45101,0.935969
1,-1.42576,0.907209
1,-1.45669,0.99662
1,-1.43264,0.967777
1,-1.40765,0.939195
1,-1.41512,0.999636
1,-1.39039,0.97129
1,-1.72538,0.472829
1,-1.64853,0.469219
1,-1.57081,0.468
1,-1.493,0.469214
1,-1.41621,0.47284
1,-1.68064,0.500985
1,-1.60752,0.498743
1,-1.53402,0.49872
1,-1.46091,0.500997
1,-1.64028,0.529936
1,-1.57078,0.528859
1,-1.50127,0.52993
1,-1.60383,0.559444
1,-1.53774,0.559461
1,-1.47641,0.838952
1,-1.52351,0.837273
1,-1.57079,0.836716
1,-1.61812,0.83728
1,-1.66519,0.838942
1,-1.49787,0.807604
1,-1.54646,0.806405
1,-1.10491,1.6023
1,-1.12319,1.63224
1,-1.14159,1.66221
1,-1.24929,1.6054
1,-1.23298,1.63645
1,-1.21655,1.66752
1,-1.20004,1.69858
1,-1.18344,1.72956
1,-1.26813,1.63501
1,-1.25185,1.66613
1,-1.23543,1.69725
1,-1.21892,1.7283
1,-1.28707,1.6646
1,-1.27083,1.69576
1,-1.25443,1.72688
1,-1.3061,1.69412
1,-1.28987,1.72527
1,-1.26398,1.53619
1,-1.28029,1.50514
1,-1.29672,1.47407
1,-1.31323,1.44301
1,-1.32983,1.41204
1,-1.24515,1.50659
1,-1.26142,1.47547
1,-1.27785,1.44435
1,-1.29435,1.41329
1,-1.2262,1.47699
1,-1.24245,1.44583
1,-1.25885,1.41471
1,-1.20718,1.44747
1,-1.2234,1.41632
1,-1.43122,1.5769
1,-1.39618,1.5776
1,-1.36107,1.57831
1,-1.32592,1.57903
1,-1.29087,1.57971
1,-1.41436,1.60763
1,-1.37925,1.60841
1,-1.34407,1.60911
1,-1.30897,1.60977
1,-1.39746,1.63843
1,-1.36227,1.63917
1,-1.3271,1.63984
1,-1.38051,1.66914
1,-1.34528,1.66984
1,-1.40837,1.53929
1,-1.39008,1.50935
1,-1.37168,1.47938
1,-1.35324,1.44946
1,-1.37327,1.5402
1,-1.35489,1.51026
1,-1.33642,1.48033
1,-1.33813,1.54115
1,-1.31967,1.51124
1,-1.30304,1.54214
1,-1.37376,1.4164
1,-1.39226,1.44628
1,-1.41064,1.47627
1,-1.42893,1.50632
1,-1.4471,1.53629
1,-1.40925,1.41546
1,-1.42767,1.44546
1,-1.44595,1.47555
1,-1.46413,1.50562
1,-1.44479,1.41471
1,-1.46306,1.44481
1,-1.48122,1.47493
1,-1.48025,1.41418
1,-1.49839,1.4443
1,-1.54493,1.72246
1,-1.52706,1.69219
1,-1.50932,1.66181
1,-1.49166,1.63142
1,-1.47408,1.60107
1,-1.50944,1.72264
1,-1.49167,1.69228
1,-1.47403,1.66183
1,-1.45648,1.63141
1,-1.47393,1.72267
1,-1.45627,1.69223
1,-1.43878,1.66175
1,-1.43846,1.7225
1,-1.421,1.69201
1,-1.50062,1.56647
1,-1.53567,1.56645
1,-1.57079,1.56644
1,-1.60595,1.56645
1,-1.64097,1.56646
1,-1.51809,1.53605
1,-1.55322,1.53599
1,-1.58839,1.53601
1,-1.62353,1.53604
1,-1.53562,1.5056
1,-1.5708,1.50559
1,-1.606,1.50561
1,-1.55319,1.47526
1,-1.58842,1.47524
1,-1.16317,1.08497
1,-1.18662,1.11315
1,-1.20944,1.1416
1,-1.3276,1.36289
1,-1.30786,1.33359
1,-1.2878,1.30434
1,-1.26737,1.27517
1,-1.24667,1.24619
1,-1.29184,1.36502
1,-1.27178,1.33589
1,-1.25144,1.30678
1,-1.2308,1.27784
1,-1.25606,1.36746
1,-1.23577,1.33846
1,-1.21522,1.30958
1,-1.22039,1.37013
1,-1.19991,1.34133
1,-1.43961,1.23087
1,-1.42213,1.26176
1,-1.40495,1.29278
1,-1.38804,1.32391
1,-1.37146,1.355
1,-1.45898,1.26076
1,-1.44149,1.29163
1,-1.42425,1.32258
1,-1.40733,1.3536
1,-1.47801,1.2908
1,-1.46049,1.32157
1,-1.44327,1.35243
1,-1.49664,1.32086
1,-1.47917,1.35154
1,-1.46556,1.16498
1,-1.4836,1.13403
1,-1.50218,1.10315
1,-1.52136,1.07237
1,-1.54116,1.04185
1,-1.4449,1.13543
1,-1.46283,1.10426
1,-1.48139,1.07319
1,-1.50054,1.04232
1,-1.4236,1.10601
1,-1.44147,1.07467
1,-1.45993,1.04349
1,-1.40171,1.07684
1,-1.41945,1.04537
1,-1.51345,1.16361
1,-1.55164,1.16308
1,-1.58992,1.16306
1,-1.62814,1.16362
1,-1.53199,1.13287
1,-1.57078,1.13258
1,-1.60959,1.13285
1,-1.5511,1.10222
1,-1.59049,1.1022
1,-1.57079,1.07176
1,-1.64614,1.19868
1,-0.973008,2.1486
1,-0.995364,2.17836
1,-1.01867,2.20795
1,-1.04304,2.23724
1,-1.06852,2.26619
1,-1.01483,2.1472
1,-1.03807,2.17652
1,-1.06226,2.20562
1,-1.08751,2.23438
1,-1.05659,2.14497
1,-1.08064,2.17382
1,-1.10563,2.2024
1,-1.09815,2.14196
1,-1.12289,2.1703
1,-1.24503,2.43506
1,-1.20916,2.40917
1,-1.17527,2.38263
1,-1.14322,2.35551
1,-1.19198,2.44243
1,-1.15729,2.41562
1,-1.12468,2.38819
1,-1.138,2.4484
1,-1.10481,2.42069
1,-1.07361,2.39248
1,-1.08348,2.45289
1,-1.05188,2.42438
1,-1.19681,2.62933
1,-1.21781,2.59591
1,-1.23668,2.56227
1,-1.25373,2.52844
1,-1.26915,2.49461
1,-1.15108,2.60278
1,-1.17356,2.56973
1,-1.19394,2.53645
1,-1.21235,2.50302
1,-1.10924,2.57536
1,-1.13289,2.54275
1,-1.15431,2.50988
1,-1.07103,2.54728
1,-1.09539,2.51511
1,-1.16946,2.69837
1,-1.14171,2.73149
1,-1.10938,2.76435
1,-1.07125,2.79682
1,-1.02566,2.82865
1,-1.22697,2.72393
1,-1.20236,2.75769
1,-1.1731,2.79125
1,-1.13809,2.82441
1,-1.29151,2.74814
1,-1.27104,2.78245
1,-1.24653,2.81656
1,-1.36357,2.77066
1,-1.34889,2.80536
1,-1.12778,2.28581
1,-1.17351,2.28028
1,-1.21885,2.2737
1,-1.26369,2.2661
1,-1.30781,2.25757
1,-1.14446,2.25316
1,-1.18892,2.24719
1,-1.233,2.24028
1,-1.27648,2.23244
1,-1.16027,2.22031
1,-1.20355,2.21402
1,-1.24636,2.20683
1,-1.17529,2.18742
1,-1.21741,2.18083
1,-1.16505,2.31998
1,-1.19652,2.34667
1,-1.22974,2.37288
1,-1.26471,2.3985
1,-1.21197,2.31338
1,-1.24449,2.33934
1,-1.2787,2.36474
1,-1.25835,2.30569
1,-1.29178,2.33087
1,-1.30398,2.29696
1,-1.07366,1.91073
1,-1.09114,1.87984
1,-1.10833,1.84881
1,-1.12524,1.81768
1,-1.14182,1.78659
1,-1.05429,1.88083
1,-1.07178,1.84997
1,-1.08903,1.81901
1,-1.10594,1.788
1,-1.03527,1.85079
1,-1.05279,1.82003
1,-1.07,1.78916
1,-1.01663,1.82073
1,-1.0341,1.79005
1,-1.24343,1.94169
1,-1.20591,1.94461
1,-1.16826,1.94703
1,-1.13053,1.94899
1,-1.09283,1.95047
1,-1.22747,1.9735
1,-1.18941,1.97625
1,-1.15123,1.97846
1,-1.11303,1.98016
1,-1.21107,2.00525
1,-1.17246,2.0078
1,-1.13376,2.00974
1,-1.19422,2.03685
1,-1.15504,2.03912
1,-1.1653,1.81798
1,-1.1488,1.84922
1,-1.13199,1.88046
1,-1.11482,1.91156
1,-1.18527,1.84729
1,-1.16881,1.87868
1,-1.15203,1.91002
1,-1.2056,1.87653
1,-1.18921,1.90805
1,-1.22628,1.90562
1,-1.19061,2.07979
1,-1.15053,2.084
1,-1.21548,2.10764
1,-1.17481,2.11226
1,-1.13394,2.11616
1,-1.19996,2.14025
1,-1.15842,2.1446
1,-1.18568,1.77871
1,-1.20541,1.808
1,-1.22548,1.83725
1,-1.2459,1.86642
1,-1.26661,1.8954
1,-1.22143,1.77657
1,-1.24149,1.8057
1,-1.26184,1.83481
1,-1.28247,1.86375
1,-1.25721,1.77414
1,-1.2775,1.80314
1,-1.29806,1.83201
1,-1.29289,1.77146
1,-1.31337,1.80026
1,-0.0268917,0.768709
1,-0.0598275,0.512267
1,-0.0388229,0.54568
1,-0.0199508,0.579323
1,-0.0029001,0.61315
1,0.0125178,0.646979
1,-0.105558,0.53881
1,-0.0830709,0.571861
1,-0.0626976,0.605142
1,-0.0442859,0.638575
1,-0.147393,0.566229
1,-0.123746,0.598841
1,-0.102324,0.631712
1,-0.185602,0.594313
1,-0.161244,0.626484
1,-0.439017,0.436274
1,-0.224725,0.404294
1,-0.314111,0.402848
1,-0.403562,0.404277
1,-0.265904,0.372804
1,-0.362417,0.372787
1,-0.314142,0.342032
1,-0.468737,0.47283
1,-0.391889,0.46922
1,-0.314174,0.468001
1,-0.236364,0.469214
1,-0.159576,0.47284
1,-0.423999,0.500985
1,-0.35088,0.498743
1,-0.277384,0.49872
1,-0.204269,0.500997
1,-0.383646,0.529936
1,-0.314142,0.528859
1,-0.244628,0.529932
1,-0.34719,0.559444
1,-0.281105,0.559461
1,-0.38292,0.8726
1,-0.337132,0.871565
1,-0.291216,0.871582
1,-0.640851,0.646975
1,-0.625391,0.613126
1,-0.608372,0.579336
1,-0.58949,0.545651
1,-0.568466,0.512268
1,-0.584035,0.638549
1,-0.565564,0.605126
1,-0.545272,0.57183
1,-0.522721,0.538791
1,-0.525968,0.631695
1,-0.504561,0.598828
1,-0.48092,0.566206
1,-0.46709,0.626467
1,-0.442678,0.59431
1,-0.397306,0.312949
1,-0.442921,0.344779
1,-0.48103,0.377226
1,-0.513401,0.410086
1,-0.541164,0.443217
1,-0.509734,0.317179
1,-0.544808,0.350347
1,-0.57397,0.383894
1,-0.598683,0.417639
1,-0.618213,0.325021
1,-0.642766,0.359141
1,-0.663144,0.393435
1,-0.720604,0.336222
1,-0.735199,0.370909
1,-0.636402,0.74309
1,-0.601431,0.768681
1,-0.73621,1.0271
1,-0.727224,0.992854
1,-0.717858,0.958589
1,-0.690791,0.621864
1,-0.712819,0.529725
1,-0.725544,0.564218
1,-0.736989,0.598798
1,-0.777332,0.541975
1,-0.786375,0.576787
1,-0.839008,0.55597
1,-0.683141,0.711936
1,-0.695577,0.745995
1,-0.728112,0.848722
1,-0.734135,0.722224
1,-0.744682,0.756594
1,-0.754447,0.791085
1,-0.763565,0.825545
1,-0.783996,0.733766
1,-0.792582,0.76839
1,-0.800584,0.803022
1,-0.83243,0.746486
1,-0.839172,0.781243
1,-0.622093,0.476859
1,-0.694667,0.486768
1,-0.764434,0.498783
1,-0.83103,0.51275
1,-0.894009,0.528497
1,-0.67828,0.452459
1,-0.753216,0.464008
1,-0.824561,0.477761
1,-0.89183,0.493434
1,-0.740304,0.429358
1,-0.817146,0.442791
1,-0.889388,0.458354
1,-0.808532,0.407912
1,-0.886579,0.423322
1,-0.897852,0.57961
1,-0.845573,0.599243
1,-0.796191,0.620085
1,-0.749707,0.642037
1,-0.706013,0.664927
1,-0.900882,0.614647
1,-0.851059,0.634232
1,-0.803802,0.65494
1,-0.759176,0.676663
1,-0.90367,0.649714
1,-0.856049,0.669232
1,-0.810753,0.689775
1,-0.906209,0.684739
1,-0.860578,0.704132
1,-0.779,0.874092
1,-0.821863,0.885928
1,-0.863923,0.898662
1,-0.905066,0.912224
1,-0.814105,0.851296
1,-0.857491,0.863875
1,-0.899923,0.877363
1,-0.850702,0.829119
1,-0.894503,0.842483
1,-0.888708,0.807651
1,-0.986297,0.770293
1,-0.987945,0.735108
1,-0.942477,0.787391
1,-0.94249,0.752193
1,-0.942468,0.71699
1,-0.898698,0.770296
1,-0.897007,0.735113
1,-0.979922,0.912251
1,-1.02103,0.898658
1,-1.06309,0.885923
1,-1.10595,0.874086
1,-0.985013,0.877378
1,-1.02744,0.863889
1,-1.07083,0.851309
1,-0.990454,0.842478
1,-1.03425,0.829112
1,-0.996234,0.807664
1,-1.13222,0.933846
1,-1.09915,0.91074
1,-1.12358,0.968182
1,-1.09117,0.94515
1,-1.05764,0.922661
1,-1.11536,1.00259
1,-1.08352,0.979718
1,-1.05069,0.957278
1,-1.01683,0.935417
1,-1.10746,1.03702
1,-1.07625,1.0143
1,-1.04403,0.992007
1,-1.0109,0.970201
1,-0.976829,0.948945
1,-1.06926,1.04887
1,-1.0377,1.0267
1,-1.00521,1.00499
1,-0.971901,0.983792
1,-1.03161,1.06133
1,-0.999809,1.03972
1,-0.967164,1.01859
1,-1.14878,1.02712
1,-1.20841,0.948626
1,-1.19803,0.982712
1,-1.18811,1.01685
1,-1.23885,0.973361
1,-1.22797,1.00729
1,-1.26826,0.998455
1,-1.3855,0.855787
1,-1.33976,0.861314
1,-1.29442,0.867892
1,-1.24959,0.875493
1,-1.20546,0.884021
1,-1.36881,0.88843
1,-1.32436,0.894407
1,-1.28027,0.901314
1,-1.23679,0.909149
1,-1.353,0.921279
1,-1.30972,0.927573
1,-1.26691,0.934762
1,-1.33799,0.954172
1,-1.29586,0.960761
1,-1.34382,0.443221
1,-1.37156,0.4101
1,-1.40389,0.377242
1,-1.44202,0.344768
1,-1.48762,0.312947
1,-1.2863,0.417658
1,-1.31092,0.383898
1,-1.34017,0.350341
1,-1.37519,0.317179
1,-1.22177,0.393449
1,-1.24223,0.359143
1,-1.26674,0.325028
1,-1.1497,0.370933
1,-1.16438,0.336234
1,-1.32267,1.0618
1,-1.36274,1.05759
1,-1.2978,1.03395
1,-1.33846,1.02934
1,-1.37933,1.02543
1,-1.31331,1.00134
1,-1.35485,0.99699
1,-1.31647,0.512266
1,-1.29546,0.545679
1,-1.27659,0.579322
1,-1.25954,0.61315
1,-1.24412,0.64698
1,-1.3622,0.538809
1,-1.33971,0.57186
1,-1.31934,0.605141
1,-1.30092,0.638575
1,-1.40403,0.566228
1,-1.38038,0.598841
1,-1.35896,0.631712
1,-1.44224,0.594313
1,-1.41788,0.626484
1,-1.26824,0.706536
1,-1.30412,0.732417
1,-1.4003,0.81359
1,-1.3213,0.699163
1,-1.35598,0.725976
1,-1.38859,0.753405
1,-1.41935,0.78128
1,-1.37527,0.693194
1,-1.40847,0.720907
1,-1.43967,0.749115
1,-1.4298,0.688704
1,-1.46139,0.717213
1,-0.724914,1.69213
1,-0.743367,1.66224
1,-0.761739,1.63225
1,-0.8898,1.54047
1,-0.924888,1.54043
1,-0.960045,1.54042
1,-1.13952,1.7252
1,-1.12102,1.69531
1,-1.10263,1.66533
1,-1.08434,1.63527
1,-1.06618,1.6053
1,-1.10403,1.72613
1,-1.0856,1.69614
1,-1.06733,1.66604
1,-1.04915,1.63597
1,-1.06848,1.72688
1,-1.05022,1.69679
1,-1.03205,1.66667
1,-1.03302,1.72742
1,-1.01489,1.69729
1,-1.16003,1.69213
1,-1.14,1.60139
1,-1.15838,1.63133
1,-1.17686,1.66126
1,-1.17514,1.60044
1,-1.1936,1.63035
1,-1.21023,1.59945
1,-1.08205,1.5647
1,-1.1171,1.56399
1,-1.15221,1.56328
1,-1.18735,1.56256
1,-1.2224,1.56188
1,-1.09891,1.53396
1,-1.13402,1.53318
1,-1.1692,1.53248
1,-1.20431,1.53183
1,-1.11582,1.50316
1,-1.15101,1.50242
1,-1.18617,1.50176
1,-1.13276,1.47245
1,-1.16799,1.47175
1,-1.32637,1.74072
1,-1.34534,1.77058
1,-1.3431,1.70964
1,-1.36207,1.73944
1,-1.3812,1.76919
1,-1.37862,1.70828
1,-1.39776,1.73797
1,-0.0913392,1.32362
1,-0.107838,1.29237
1,-0.124649,1.26113
1,-0.256812,1.16361
1,-0.295007,1.16308
1,-0.333286,1.16306
1,-0.653323,1.17022
1,-0.675521,1.14161
1,-0.698335,1.11315
1,-1.03647,1.28425
1,-1.01763,1.31426
1,-0.999016,1.34439
1,-1.17674,1.20766
1,-1.19189,1.17556
1,-1.13955,1.2119
1,-1.15425,1.17958
1,-1.1693,1.14731
1,-1.11659,1.18408
1,-1.13116,1.1516
1,-1.1461,1.11921
1,-1.06549,1.22178
1,-1.0791,1.18911
1,-1.09307,1.15641
1,-1.10745,1.12381
1,-1.12227,1.09134
1,-1.0418,1.19459
1,-1.05521,1.16177
1,-1.06898,1.12897
1,-1.08318,1.0963
1,-1.01762,1.16762
1,-1.0308,1.1347
1,-1.04435,1.10184
1,-1.19855,1.23848
1,-1.16169,1.24247
1,-1.12489,1.24687
1,-1.08825,1.25167
1,-1.18377,1.27063
1,-1.14727,1.2748
1,-1.11087,1.27935
1,-1.16925,1.30288
1,-1.13311,1.3072
1,-1.15502,1.33514
1,-1.11551,1.40363
1,-1.13465,1.43332
1,-1.13207,1.37241
1,-1.15121,1.40216
1,-1.17017,1.43195
1,-1.16793,1.37102
1,-1.1869,1.40087
1,-1.23164,1.17021
1,-1.20265,1.08105
1,-1.24793,1.13846
1,-1.24234,1.07781
1,-1.26476,1.10676
1,-1.28207,1.07523
1,-1.26984,1.19991
1,-1.30736,1.19698
1,-1.34502,1.19456
1,-1.38274,1.1926
1,-1.42045,1.19112
1,-1.28581,1.1681
1,-1.32386,1.16534
1,-1.36205,1.16313
1,-1.40024,1.16143
1,-1.3022,1.13634
1,-1.34081,1.1338
1,-1.37951,1.13185
1,-1.31905,1.10474
1,-1.35823,1.10248
1,-1.34797,1.32362
1,-1.36447,1.29237
1,-1.38128,1.26113
1,-1.39845,1.23004
1,-1.32801,1.2943
1,-1.34446,1.26291
1,-1.36124,1.23158
1,-1.30767,1.26506
1,-1.32406,1.23355
1,-1.28699,1.23597
1,0.0915856,2.31998
1,0.0601187,2.34667
1,0.0268917,2.37288
1,-0.0797312,2.21719
1,-0.0895455,2.18301
1,-0.0989119,2.14874
1,0.173174,2.87177
1,0.0833801,2.8985
1,-0.0271729,2.92292
1,-0.162805,2.94413
1,0.0458073,2.86471
1,-0.0536336,2.88833
1,-0.171686,2.90909
1,-0.178383,2.87401
1,-0.183478,2.83894
1,-0.0624873,2.51972
1,-0.0490685,2.55396
1,-0.0342022,2.58817
1,-0.406105,2.80293
1,-0.39775,2.76785
1,-0.314159,2.82184
1,-0.314187,2.78664
1,-0.314145,2.75143
1,-0.222301,2.80294
1,-0.230565,2.76786
1,-0.610771,2.62222
1,-0.59416,2.58819
1,-0.57923,2.55398
1,-0.465671,2.94415
1,-0.601122,2.92292
1,-0.711672,2.8985
1,-0.801469,2.87177
1,-0.456581,2.90911
1,-0.574641,2.88835
1,-0.674088,2.86473
1,-0.44994,2.874
1,-0.554395,2.85362
1,-0.444816,2.83896
1,-0.620233,2.3985
1,-0.655205,2.37291
1,-0.688397,2.34668
1,-0.85933,2.82864
1,-0.813712,2.79681
1,-0.775605,2.76437
1,-0.743234,2.73151
1,-0.71547,2.69838
1,-0.7469,2.82441
1,-0.711827,2.79125
1,-0.682666,2.7577
1,-0.657951,2.72395
1,-0.638423,2.81657
1,-0.613867,2.78245
1,-0.59349,2.74816
1,-0.536033,2.80537
1,-0.521436,2.77068
1,-0.615786,2.49462
1,-0.631244,2.52847
1,-0.648263,2.56226
1,-0.667143,2.59594
1,-0.68817,2.62932
1,-0.672599,2.50304
1,-0.69107,2.53647
1,-0.711363,2.56976
1,-0.733913,2.6028
1,-0.730666,2.5099
1,-0.752074,2.54276
1,-0.775714,2.57539
1,-0.789544,2.51512
1,-0.813956,2.54728
1,-0.72761,2.41562
1,-0.692968,2.44245
1,-0.811337,2.3925
1,-0.780135,2.4207
1,-0.746925,2.44841
1,-0.833044,2.42438
1,-0.801489,2.45291
1,-0.816451,2.26619
1,-0.841915,2.23726
1,-0.866269,2.20796
1,-0.889592,2.17835
1,-0.911938,2.1486
1,-0.797454,2.23441
1,-0.822661,2.20562
1,-0.846899,2.17651
1,-0.870113,2.1472
1,-0.779307,2.2024
1,-0.804336,2.17382
1,-0.828364,2.14498
1,-0.762034,2.17032
1,-0.786811,2.14197
1,0.628266,3.10639
1,1.67543,3.10638
1,-0.418778,3.10638
1,0.588003,3.14158
1,2.7222,3.10639
1,-1.46549,3.10639
1,-2.51345,3.10637
1,-1.01724,2.90489
1,-0.867647,2.90491
1,-1.11267,2.93293
1,-0.942448,2.93584
1,-0.772207,2.93292
1,-1.23597,2.95858
1,-1.04284,2.9654
1,-0.842041,2.96537
1,-0.648896,2.95859
1,-1.3956,2.98071
1,-1.18124,2.99251
1,-0.942413,2.9967
1,-0.70373,2.99253
1,-0.489293,2.98069
1,-1.3746,3.01565
1,-1.09495,3.02576
1,-0.789852,3.02578
1,-0.510403,3.01564
1,-1.33765,3.05047
1,-0.942411,3.05743
1,-0.547143,3.05045
1,-1.06735,2.70532
1,-0.984334,2.70798
1,-0.900675,2.70799
1,-0.81762,2.70532
1,-1.03191,2.7373
1,-0.942523,2.73874
1,-0.85307,2.73732
1,-0.990728,2.76879
1,-0.894218,2.76881
1,-0.942492,2.79956
1,-0.787898,2.66876
1,-0.864745,2.67237
1,-0.94246,2.67359
1,-1.02027,2.67238
1,-1.09706,2.66875
1,-0.832635,2.64061
1,-0.905755,2.64285
1,-0.97925,2.64287
1,-1.05237,2.6406
1,-0.872988,2.61166
1,-0.94249,2.61273
1,-1.01201,2.61166
1,-0.909444,2.58215
1,-0.975528,2.58213
1,-0.826089,2.48596
1,-0.851396,2.51799
1,-0.878976,2.54968
1,-0.858367,2.4568
1,-0.884104,2.48842
1,-0.912009,2.51974
1,-0.942484,2.55062
1,-0.888405,2.42716
1,-0.914396,2.45835
1,-0.942447,2.48924
1,-0.972889,2.51972
1,-1.00592,2.54968
1,-0.942452,2.42786
1,-0.970532,2.45835
1,-1.00083,2.4884
1,-1.03354,2.51799
1,-0.996489,2.42716
1,-1.02653,2.45679
1,-1.05881,2.48597
1,-1.03687,2.30264
1,-0.989768,2.30432
1,-0.942488,2.30488
1,-0.895152,2.30431
1,-0.848084,2.30265
1,-1.0154,2.33399
1,-0.96681,2.33519
1,-0.918113,2.33516
1,-0.869521,2.334
1,-0.992582,2.36513
1,-0.942467,2.36573
1,-0.892343,2.36512
1,-0.968313,2.39591
1,-0.916624,2.39592
1,-0.873716,2.26899
1,-0.919504,2.27003
1,-0.96542,2.27001
1,-1.01123,2.269
1,-0.897698,2.23924
1,-0.942456,2.23972
1,-0.987245,2.23922
1,-0.9206,2.20917
1,-0.964359,2.20915
1,-0.942473,2.17891
1,-0.912859,2.09974
1,-0.893046,2.06921
1,-0.873885,2.03846
1,-0.85528,2.00757
1,-0.837235,1.97662
1,-0.872236,2.09927
1,-0.853065,2.0684
1,-0.834538,2.03733
1,-0.816578,2.00618
1,-0.831619,2.09811
1,-0.813139,2.06692
1,-0.7953,2.03559
1,-0.791128,2.09623
1,-0.773416,2.06477
1,-0.999827,1.97798
1,-0.96163,1.97852
1,-0.923352,1.97853
1,-0.885137,1.97798
1,-0.981281,2.00873
1,-0.942498,2.00902
1,-0.903688,2.00874
1,-0.962171,2.03938
1,-0.922785,2.03939
1,-0.942485,2.06983
1,-0.86714,1.94292
1,-0.904766,1.94362
1,-0.942471,1.94386
1,-0.980222,1.94363
1,-1.01782,1.94291
1,-0.88656,1.91293
1,-0.923833,1.91335
1,-0.452301,0.967768
1,-0.428272,0.996613
1,-0.494604,0.971277
1,-0.469827,0.99962
1,-0.484669,0.813594
1,-0.580873,0.732402
1,-0.616706,0.706527
1,-0.465635,0.781267
1,-0.496356,0.75337
1,-0.529025,0.725972
1,-0.563667,0.699138
1,-0.445298,0.749093
1,-0.4765,0.720896
1,-0.509709,0.693182
1,-0.423591,0.717214
1,-0.455146,0.688686
1,-0.679502,0.884011
1,-0.63536,0.875486
1,-0.590557,0.86789
1,-0.545202,0.861324
1,-0.499455,0.855799
1,-0.648172,0.909142
1,-0.604672,0.901317
1,-0.560617,0.894386
1,-0.516157,0.888451
1,-0.618052,0.934766
1,-0.575229,0.927589
1,-0.531975,0.92127
1,-0.589101,0.960775
1,-0.547005,0.954162
1,-0.650376,0.776834
1,-0.616203,0.802229
1,-0.583682,0.828212
1,-0.66344,0.810713
1,-0.630044,0.835914
1,-0.675669,0.844628
1,-0.708041,0.924408
1,-0.696857,1.01686
1,-0.686939,0.982732
1,-0.676559,0.948646
1,-0.656977,1.00729
1,-0.646094,0.97336
1,-0.616713,0.998467
1,-0.785777,0.910737
1,-0.752738,0.933868
1,-0.827304,0.922678
1,-0.793775,0.945157
1,-0.761358,0.96819
1,-0.868105,0.935419
1,-0.83427,0.957307
1,-0.801407,0.979709
1,-0.769592,1.0026
1,-0.908119,0.948966
1,-0.874051,0.970184
1,-0.840916,0.992018
1,-0.80873,1.01431
1,-0.777469,1.03702
1,-0.913065,0.983795
1,-0.879722,1.00498
1,-0.84726,1.02672
1,-0.815698,1.04886
1,-0.917781,1.01861
1,-0.885138,1.03973
1,-0.853326,1.06133
1,-0.981835,1.10746
1,-0.962476,1.07674
1,-0.961877,1.13772
1,-0.942493,1.10715
1,-0.92251,1.07674
1,-0.923111,1.13772
1,-0.903104,1.10745
1,-0.366838,1.60112
1,-0.331751,1.60116
1,-0.296593,1.60117
1,-0.531725,1.44946
1,-0.513272,1.47935
1,-0.4949,1.50934
1,-0.633107,1.66612
1,-0.616823,1.63501
1,-0.630524,1.7269
1,-0.614142,1.69576
1,-0.597891,1.66461
1,-0.595084,1.7253
1,-0.578875,1.69412
1,-0.780052,1.60231
1,-0.708108,1.66128
1,-0.726557,1.63136
1,-0.744936,1.60139
1,-0.691373,1.63036
1,-0.709804,1.60043
1,-0.674722,1.59946
1,-0.818769,1.6053
1,-0.80061,1.6353
1,-0.782332,1.66531
1,-0.763922,1.69533
1,-0.745448,1.7252
1,-0.83579,1.63598
1,-0.817637,1.66607
1,-0.799324,1.69614
1,-0.780927,1.72616
1,-0.8529,1.66669
1,-0.834733,1.6968
1,-0.816457,1.7269
1,-0.870052,1.69729
1,-0.851944,1.72743
1,-0.870347,1.75903
1,-0.888037,1.78991
1,-0.90593,1.82072
1,-0.888648,1.72858
1,-0.906378,1.75939
1,-0.924297,1.79019
1,-0.942485,1.82089
1,-0.906773,1.69807
1,-0.924529,1.72879
1,-0.942462,1.75951
1,-0.960631,1.79018
1,-0.978997,1.82073
1,-0.942463,1.69813
1,-0.960414,1.72879
1,-0.978569,1.75938
1,-0.996909,1.78992
1,-0.978146,1.69808
1,-0.996277,1.72857
1,-1.01458,1.75904
1,-1.01265,1.57512
1,-0.977601,1.57515
1,-0.942486,1.57515
1,-0.90733,1.57514
1,-0.872301,1.57513
1,-0.995185,1.60554
1,-0.960051,1.6056
1,-0.924882,1.60558
1,-0.889749,1.60555
1,-0.977657,1.63599
1,-0.942471,1.63601
1,-0.907279,1.63598
1,-0.960088,1.66633
1,-0.924859,1.66635
1,-0.995151,1.54048
1,-0.907274,1.51003
1,-0.942461,1.51
1,-0.977672,1.51002
1,-0.924836,1.47957
1,-0.960123,1.47955
1,-0.942473,1.44918
1,-0.968346,1.41913
1,-0.986215,1.44941
1,-1.00395,1.47978
1,-1.02162,1.51017
1,-1.03919,1.54052
1,-1.00383,1.41895
1,-1.02161,1.44931
1,-1.03925,1.47976
1,-1.05679,1.51018
1,-1.03935,1.41893
1,-1.057,1.44936
1,-1.0745,1.47985
1,-1.07481,1.41909
1,-1.09227,1.44958
1,-0.486508,1.23003
1,-0.503643,1.26112
1,-0.520487,1.29234
1,-0.721766,1.08494
1,-0.637008,1.13847
1,-0.659325,1.10967
1,-0.682286,1.08107
1,-0.620206,1.10676
1,-0.642623,1.07781
1,-0.602867,1.07524
1,-0.796694,1.25163
1,-0.760065,1.24687
1,-0.72327,1.24247
1,-0.693059,1.17558
1,-0.70824,1.20766
1,-0.715669,1.14732
1,-0.730714,1.17959
1,-0.745408,1.21192
1,-0.738853,1.11922
1,-0.753828,1.1516
1,-0.768347,1.18411
1,-0.782515,1.21664
1,-0.762705,1.09135
1,-0.777488,1.12381
1,-0.791898,1.15643
1,-0.805872,1.1891
1,-0.81946,1.2218
1,-0.801783,1.0963
1,-0.815963,1.12899
1,-0.829769,1.16178
1,-0.843146,1.19459
1,-0.840623,1.10185
1,-0.854163,1.13472
1,-0.867337,1.16764
1,-0.90428,1.37456
1,-0.885948,1.34439
1,-0.867335,1.31426
1,-0.924499,1.34325
1,-0.960473,1.34323
1,-0.906187,1.31304
1,-0.942484,1.3129
1,-0.978788,1.31305
1,-0.887542,1.28291
1,-0.924158,1.28252
1,-0.960814,1.28255
1,-0.997429,1.2829
1,-0.868585,1.25285
1,-0.905482,1.25226
1,-0.942488,1.25204
1,-0.979467,1.25225
1,-1.01639,1.25286
1,-0.886476,1.22213
1,-0.923796,1.2217
1,-0.961176,1.22169
1,-0.998478,1.22213
1,-0.904757,1.19153
1,-0.942485,1.19131
1,-0.98022,1.19154
1,-0.980683,1.37456
1,-1.05392,1.31506
1,-1.03505,1.34504
1,-1.01644,1.3751
1,-1.07109,1.34599
1,-1.05225,1.3759
1,-1.08798,1.37693
1,-0.0896824,2.32713
1,-0.0788454,2.36138
1,-0.0672751,2.39559
1,-0.0548415,2.42966
1,-0.332306,1.35143
1,-0.116333,2.38498
1,-0.10585,2.41936
1,-0.155663,2.40781
1,-0.210874,2.36034
1,-0.204094,2.39508
1,-0.265686,2.61309
1,-0.202694,2.62884
1,-0.136152,2.6428
1,-0.0663811,2.65483
1,0.00621354,2.66474
1,-0.263514,2.64815
1,-0.196232,2.66384
1,-0.124909,2.67756
1,-0.0500084,2.68915
1,-0.261089,2.68324
1,-0.188843,2.69882
1,-0.112015,2.71222
1,-0.258304,2.71828
1,-0.180266,2.73366
1,-0.07768,2.47667
1,-0.121368,2.49955
1,-0.167852,2.52149
1,-0.217274,2.54235
1,-0.269542,2.56197
1,-0.130822,2.46493
1,-0.175494,2.48663
1,-0.222748,2.50737
1,-0.272566,2.52694
1,-0.182427,2.4518
1,-0.227718,2.47237
1,-0.275339,2.49188
1,-0.232237,2.43743
1,-0.277866,2.45686
1,-0.276715,2.22934
1,-0.235611,2.24293
1,-0.19355,2.25567
1,-0.270341,2.3713
1,-0.26869,2.40648
1,-0.314159,2.3542
1,-0.314145,2.3894
1,-0.314168,2.4246
1,-0.357938,2.3713
1,-0.359631,2.40648
1,-0.477636,2.2675
1,-0.434775,2.25566
1,-0.392715,2.24293
1,-0.351571,2.22937
1,-0.442533,2.2903
1,-0.399146,2.27772
1,-0.356715,2.26423
1,-0.405934,2.31247
1,-0.362134,2.29911
1,-0.367929,2.33394
1,-0.358784,2.56198
1,-0.411063,2.54235
1,-0.460444,2.52151
1,-0.506928,2.49956
1,-0.550622,2.47666
1,-0.355752,2.52694
1,-0.405578,2.50736
1,-0.452832,2.48665
1,-0.497459,2.46493
1,-0.352967,2.49188
1,-0.400586,2.47236
1,-0.445883,2.45182
1,-0.350426,2.45685
1,-0.39606,2.43746
1,-0.634542,2.66473
1,-0.561969,2.65482
1,-0.492202,2.64281
1,-0.425607,2.62884
1,-0.362629,2.6131
1,-0.578358,2.68913
1,-0.503419,2.67758
1,-0.432076,2.66383
1,-0.364807,2.64816
1,-0.516331,2.71223
1,-0.439491,2.6988
1,-0.367249,2.68324
1,-0.448106,2.73368
1,-0.370057,2.71827
1,-0.573495,2.42966
1,-0.561058,2.3956
1,-0.549471,2.36141
1,-0.538627,2.32712
1,-0.528525,2.29287
1,-0.522501,2.41937
1,-0.511954,2.385
1,-0.47264,2.40783
1,-0.424207,2.39511
1,-0.417465,2.36035
1,-0.565846,2.51973
1,-0.543816,2.61187
1,-0.531091,2.57737
1,-0.519648,2.54279
1,-0.479305,2.59962
1,-0.470262,2.56481
1,-0.417628,2.58562
1,-0.520428,2.1145
1,-0.529413,2.14874
1,-0.53878,2.183
1,-0.548597,2.21718
1,-0.559781,2.12473
1,-0.569698,2.15886
1,-0.580078,2.19295
1,-0.599661,2.1343
1,-0.610543,2.16823
1,-0.639925,2.14313
1,-0.719907,2.31999
1,-0.60626,2.36476
1,-0.640433,2.33936
1,-0.672955,2.31338
1,-0.593197,2.33088
1,-0.626592,2.30568
1,-0.580967,2.29696
1,-0.577134,2.25758
1,-0.621278,2.26611
1,-0.666081,2.2737
1,-0.711434,2.28027
1,-0.757182,2.28579
1,-0.608467,2.23245
1,-0.651965,2.24028
1,-0.69602,2.24721
1,-0.740479,2.25314
1,-0.638585,2.20683
1,-0.681407,2.214
1,-0.724661,2.22032
1,-0.667536,2.18082
1,-0.709632,2.18743
1,-0.741719,2.35553
1,-0.709696,2.38262
1,-0.675761,2.40919
1,-0.639929,2.43507
1,-0.760279,2.38822
1,0.0709588,1.77871
1,0.0512226,1.808
1,0.0311573,1.83725
1,0.0107373,1.86642
1,-0.00996914,1.8954
1,0.0352083,1.77657
1,0.0151469,1.8057
1,-0.0051993,1.83481
1,-0.025833,1.86375
1,-0.000577746,1.77414
1,-0.0208619,1.80314
1,-0.0414211,1.83201
1,-0.0362502,1.77146
1,-0.0567304,1.80026
1,-0.093471,2.05662
1,-0.0700143,2.02844
1,-0.0471987,1.99999
1,-0.0580921,1.90311
1,-0.0949487,1.89913
1,-0.131744,1.89473
1,-0.220168,1.85734
1,-0.239011,1.82733
1,-0.257622,1.7972
1,-0.352357,1.76704
1,-0.370691,1.7972
1,-0.389304,1.82733
1,-0.459945,1.88996
1,-0.496575,1.89472
1,-0.533369,1.89912
1,-0.603317,1.97137
1,-0.581118,1.99998
1,-0.558303,2.02844
1,-0.684997,2.14028
1,-0.726539,2.1446
1,-0.66948,2.10764
1,-0.710141,2.11227
1,-0.751018,2.11615
1,-0.694342,2.07982
1,-0.734418,2.084
1,-0.792131,1.95045
1,-0.754435,1.94898
1,-0.716721,1.94704
1,-0.679034,1.94462
1,-0.64153,1.9417
1,-0.771939,1.98014
1,-0.733739,1.97848
1,-0.695536,1.97625
1,-0.657495,1.97351
1,-0.751213,2.00975
1,-0.712498,2.00778
1,-0.67389,2.00525
1,-0.729945,2.03913
1,-0.690751,2.03684
1,-0.77013,1.91156
1,-0.752996,1.88048
1,-0.736151,1.84925
1,-0.74313,1.7866
1,-0.759738,1.8177
1,-0.776621,1.8488
1,-0.793822,1.87986
1,-0.811307,1.91072
1,-0.779018,1.78802
1,-0.795966,1.81902
1,-0.813163,1.85
1,-0.830687,1.88085
1,-0.814969,1.78917
1,-0.832176,1.82004
1,-0.849694,1.85082
1,-0.850847,1.79007
1,-0.868344,1.82073
1,0.00807033,0.74309
1,-0.0446626,0.828208
1,-0.0121481,0.802256
1,0.0220644,0.776853
1,0.00171106,0.8359
1,0.0351401,0.810724
1,0.0473421,0.844634
1,-0.0660309,1.0618
1,-0.106102,1.05759
1,-0.04116,1.03395
1,-0.0818231,1.02934
1,-0.122696,1.02543
1,-0.056677,1.00134
1,-0.0982139,0.99699
1,-0.0116025,0.706536
1,-0.0474785,0.732418
1,-0.14366,0.81359
1,-0.0646611,0.699163
1,-0.0993416,0.725975
1,-0.131954,0.753404
1,-0.162711,0.78128
1,-0.118635,0.693194
1,-0.151828,0.720907
1,-0.183027,0.749115
1,-0.173159,0.688704
1,-0.204754,0.717213
1,-0.28363,0.992993
1,-0.261273,0.96323
1,-0.237969,0.933646
1,-0.213595,0.904349
1,-0.188119,0.875406
1,-0.241805,0.994395
1,-0.218568,0.965076
1,-0.194372,0.93597
1,-0.169126,0.907209
1,-0.200048,0.996621
1,-0.175999,0.967777
1,-0.151011,0.939195
1,-0.158487,0.999637
1,-0.133747,0.97129
1,-0.219769,0.838952
1,-0.266869,0.837272
1,-0.314148,0.836716
1,-0.361484,0.83728
1,-0.408552,0.838942
1,-0.241235,0.807604
1,-0.289826,0.806405
1,-0.245405,0.872592
1,-0.358939,0.902357
1,-0.31418,0.901868
1,-0.269391,0.902374
1,-0.336037,0.932422
1,-0.292277,0.932439
1,-0.314164,0.962685
1,-0.440185,0.875399
1,-0.414721,0.904335
1,-0.390367,0.933633
1,-0.367045,0.963239
1,-0.344699,0.992996
1,-0.459183,0.907186
1,-0.433976,0.935972
1,-0.57164,1.00132
1,-0.530098,0.996993
1,-0.587158,1.03395
1,-0.546497,1.02932
1,-0.50562,1.02544
1,-0.562296,1.06177
1,-0.522219,1.0576
1,0.00734421,1.6054
1,0.0236539,1.63645
1,0.040087,1.66752
1,0.0565921,1.69858
1,0.0731987,1.72956
1,-0.0114918,1.63501
1,0.00478511,1.66613
1,0.0212083,1.69725
1,0.0377111,1.7283
1,-0.0304355,1.6646
1,-0.0141924,1.69576
1,0.002207,1.72688
1,-0.0494617,1.69412
1,-0.0332349,1.72527
1,-0.0697345,1.74072
1,-0.0887038,1.77058
1,-0.086466,1.70964
1,-0.105432,1.73944
1,-0.124568,1.76919
1,-0.121987,1.70828
1,-0.141125,1.73797
1,-0.217391,1.66183
1,-0.199847,1.63141
1,-0.217291,1.72266
1,-0.199639,1.69223
1,-0.182142,1.66175
1,-0.181825,1.7225
1,-0.164362,1.69201
1,-0.410862,1.60107
1,-0.393299,1.63141
1,-0.37565,1.6618
1,-0.357898,1.6922
1,-0.34004,1.72246
1,-0.428465,1.63139
1,-0.410956,1.66184
1,-0.393282,1.69229
1,-0.375524,1.72264
1,-0.446196,1.66174
1,-0.428667,1.69223
1,-0.411032,1.72266
1,-0.463985,1.692
1,-0.446491,1.72248
1,-0.487218,1.73798
1,-0.503752,1.76919
1,-0.506329,1.70828
1,-0.522904,1.73945
1,-0.539642,1.77059
1,-0.541844,1.70963
1,-0.558585,1.74071
1,-0.594086,1.5797
1,-0.559024,1.57903
1,-0.523907,1.57831
1,-0.488789,1.57761
1,-0.453733,1.57691
1,-0.575994,1.60976
1,-0.540876,1.60911
1,-0.505719,1.60839
1,-0.47061,1.60765
1,-0.557865,1.63984
1,-0.522689,1.63919
1,-0.487515,1.63842
1,-0.539688,1.66986
1,-0.504472,1.66913
1,-0.70153,1.72955
1,-0.684924,1.69859
1,-0.668411,1.66754
1,-0.651967,1.63645
1,-0.635658,1.60541
1,-0.666055,1.72831
1,-0.649513,1.69727
1,-0.662553,1.56189
1,-0.697615,1.56256
1,-0.732731,1.56328
1,-0.76785,1.56398
1,-0.802906,1.56468
1,-0.680646,1.53183
1,-0.715763,1.53248
1,-0.75092,1.5332
1,-0.78603,1.53394
1,-0.698774,1.50175
1,-0.73395,1.50241
1,-0.769123,1.50317
1,-0.716951,1.47174
1,-0.752167,1.47246
1,-0.845777,1.54053
1,-0.86334,1.51018
1,-0.880989,1.47979
1,-0.89874,1.4494
1,-0.9166,1.41913
1,-0.828174,1.5102
1,-0.845683,1.47976
1,-0.863357,1.4493
1,-0.881114,1.41895
1,-0.810443,1.47985
1,-0.827971,1.44937
1,-0.845608,1.41894
1,-0.792655,1.44959
1,-0.810148,1.41911
1,0.0249984,1.17021
1,0.0539872,1.08105
1,0.0310238,1.10965
1,0.00870719,1.13846
1,0.0142973,1.07781
1,-0.00811961,1.10676
1,-0.0254351,1.07523
1,-0.0132094,1.19991
1,-0.0507247,1.19698
1,-0.0883803,1.19456
1,-0.126103,1.1926
1,-0.163809,1.19112
1,-0.0291724,1.1681
1,-0.0672256,1.16534
1,-0.105408,1.16313
1,-0.143604,1.16143
1,-0.0455628,1.13634
1,-0.0841769,1.1338
1,-0.122877,1.13185
1,-0.0624176,1.10474
1,-0.101596,1.10248
1,-0.208927,1.16498
1,-0.226962,1.13403
1,-0.245548,1.10315
1,-0.264725,1.07237
1,-0.284526,1.04185
1,-0.188268,1.13543
1,-0.20619,1.10426
1,-0.224756,1.07319
1,-0.243905,1.04232
1,-0.16696,1.10601
1,-0.184835,1.07467
1,-0.203298,1.04349
1,-0.145068,1.07684
1,-0.162816,1.04537
1,-0.371501,1.16362
1,-0.275357,1.13287
1,-0.31414,1.13258
1,-0.35295,1.13285
1,-0.294468,1.10222
1,-0.333853,1.1022
1,-0.314154,1.07176
1,-0.242027,1.38257
1,-0.260352,1.41303
1,-0.278458,1.44354
1,-0.259694,1.3517
1,-0.27806,1.38221
1,-0.343779,1.04186
1,-0.363592,1.07238
1,-0.382754,1.10314
1,-0.401358,1.13402
1,-0.419404,1.16498
1,-0.384402,1.04232
1,-0.403572,1.07319
1,-0.4221,1.10426
1,-0.44006,1.13541
1,-0.425019,1.04349
1,-0.443499,1.07467
1,-0.461337,1.106
1,-0.465509,1.04536
1,-0.483221,1.07682
1,-0.464508,1.19114
1,-0.502203,1.19261
1,-0.539918,1.19456
1,-0.577605,1.19698
1,-0.615108,1.1999
1,-0.484699,1.16145
1,-0.522899,1.16311
1,-0.561102,1.16534
1,-0.599143,1.16809
1,-0.505425,1.13184
1,-0.544141,1.13381
1,-0.582747,1.13635
1,-0.526693,1.10246
1,-0.565887,1.10475
1,-0.536973,1.32361
1,-0.523692,1.23157
1,-0.540478,1.26288
1,-0.556962,1.29429
1,-0.560879,1.23356
1,-0.5773,1.26505
1,-0.59796,1.23596
1,-0.686414,1.23849
1,-0.774107,1.27934
1,-0.737705,1.2748
1,-0.701205,1.27063
1,-0.75184,1.30721
1,-0.715706,1.30289
1,-0.729952,1.33514
1,-0.848448,1.28426
1,-0.868522,1.37512
1,-0.849909,1.34506
1,-0.831039,1.31508
1,-0.832714,1.3759
1,-0.81387,1.34599
1,-0.796978,1.37695
1,-0.00807033,2.3985
1,0.0446626,2.31338
1,0.0121481,2.33934
1,-0.0220644,2.36474
1,-0.00171106,2.30569
1,-0.0351401,2.33087
1,-0.0473421,2.29696
1,-0.0175371,2.62221
1,-0.108645,2.54278
1,-0.0972396,2.57734
1,-0.0845411,2.61186
1,-0.158024,2.56481
1,-0.149048,2.59962
1,-0.210694,2.58561
1,-0.0997814,2.29286
1,-0.18581,2.29028
1,0.12886,2.28581
1,0.0831273,2.28028
1,0.0377885,2.2737
1,-0.00705002,2.2661
1,-0.0511771,2.25757
1,0.112176,2.25316
1,0.0677198,2.24719
1,0.0236336,2.24028
1,-0.019846,2.23244
1,0.0963637,2.22031
1,0.0530832,2.21402
1,0.0102733,2.20683
1,0.0813486,2.18742
1,0.0392273,2.18083
1,-0.107856,2.11448
1,-0.0482288,2.19297
1,-0.0586072,2.15888
1,-0.0685251,2.12475
1,-0.017784,2.16823
1,-0.0286651,2.1343
1,0.0116182,2.14314
1,-0.124419,2.20775
1,-0.157487,2.23085
1,-0.133061,2.17341
1,-0.165467,2.19644
1,-0.198998,2.21893
1,-0.14128,2.13901
1,-0.173121,2.16187
1,-0.205946,2.18431
1,-0.239809,2.20617
1,-0.149177,2.10457
1,-0.180393,2.12729
1,-0.212613,2.14959
1,-0.245739,2.17139
1,-0.279809,2.19265
1,-0.187382,2.09272
1,-0.218943,2.11489
1,-0.25143,2.13661
1,-0.284737,2.1578
1,-0.225029,2.08027
1,-0.25683,2.10187
1,-0.289475,2.123
1,-0.15069,2.26751
1,-0.271624,2.26421
1,-0.229195,2.2777
1,-0.266183,2.29911
1,-0.222382,2.31248
1,-0.260403,2.33393
1,-0.47086,2.23086
1,-0.5039,2.20772
1,-0.429334,2.21891
1,-0.462863,2.19644
1,-0.495279,2.1734
1,-0.388532,2.20617
1,-0.422369,2.18429
1,-0.455231,2.16188
1,-0.487045,2.13899
1,-0.348518,2.19263
1,-0.382588,2.17141
1,-0.415723,2.14957
1,-0.447908,2.12728
1,-0.47917,2.10457
1,-0.343574,2.1578
1,-0.376917,2.13661
1,-0.409378,2.11487
1,-0.440942,2.09273
1,-0.338858,2.12298
1,-0.371501,2.10187
1,-0.403313,2.08026
1,0.0660309,2.07979
1,0.106102,2.084
1,0.04116,2.10764
1,0.0818231,2.11226
1,0.122696,2.11616
1,0.056677,2.14025
1,0.0982139,2.1446
1,-0.0249997,1.97138
1,-0.0539885,2.06054
1,-0.0310251,2.03194
1,-0.0087085,2.00314
1,-0.0142986,2.06378
1,0.00811827,2.03483
1,0.0254338,2.06637
1,-0.168384,1.88992
1,-0.072863,1.87096
1,-0.109364,1.86679
1,-0.145767,1.86225
1,-0.0873923,1.83871
1,-0.123526,1.83439
1,-0.101617,1.80645
1,-0.0798987,1.93394
1,-0.0647522,1.96604
1,-0.117088,1.92969
1,-0.102391,1.96202
1,-0.087336,1.99428
1,-0.15418,1.92497
1,-0.140047,1.95751
1,-0.125478,1.99
1,-0.11054,2.02239
1,-0.191148,1.91982
1,-0.177537,1.95248
1,-0.163572,1.98518
1,-0.14919,2.01778
1,-0.134365,2.05025
1,-0.214836,1.947
1,-0.201427,1.97982
1,-0.187655,2.01263
1,-0.173459,2.04529
1,-0.239019,1.97398
1,-0.22584,2.00689
1,-0.21229,2.03976
1,-0.275955,1.76704
1,-0.202716,1.82654
1,-0.221587,1.79656
1,-0.240198,1.7665
1,-0.185549,1.7956
1,-0.204392,1.76569
1,-0.168657,1.76466
1,-0.274804,2.03413
1,-0.294163,2.06486
1,-0.294762,2.00388
1,-0.314146,2.03444
1,-0.33413,2.06486
1,-0.333528,2.00388
1,-0.353535,2.03414
1,-0.33214,1.79834
1,-0.296166,1.79836
1,-0.350452,1.82855
1,-0.314155,1.82869
1,-0.277851,1.82854
1,-0.369096,1.85869
1,-0.332481,1.85907
1,-0.295824,1.85905
1,-0.259209,1.8587
1,-0.388055,1.88875
1,-0.351156,1.88933
1,-0.314151,1.88955
1,-0.27717,1.88935
1,-0.240247,1.88873
1,-0.370163,1.91947
1,-0.332843,1.91989
1,-0.295462,1.91991
1,-0.258161,1.91946
1,-0.351882,1.95006
1,-0.314154,1.95028
1,-0.276418,1.95005
1,-0.408191,1.85734
1,-0.388117,1.76647
1,-0.406729,1.79653
1,-0.425599,1.82651
1,-0.423925,1.76569
1,-0.44277,1.79561
1,-0.459662,1.76465
1,-0.56358,1.96601
1,-0.548399,1.93393
1,-0.540971,1.99427
1,-0.525924,1.962
1,-0.511231,1.92967
1,-0.517785,2.02237
1,-0.502812,1.98999
1,-0.488291,1.95748
1,-0.474124,1.92496
1,-0.493932,2.05024
1,-0.47915,2.01778
1,-0.450767,1.95249
1,-0.43718,1.91979
1,-0.454855,2.0453
1,-0.440677,2.01261
1,-0.426869,1.97981
1,-0.413493,1.947
1,-0.416016,2.03974
1,-0.402477,2.00688
1,-0.389302,1.97395
1,-0.570224,1.9031
1,-0.482532,1.86225
1,-0.518933,1.86679
1,-0.555433,1.87096
1,-0.540932,1.8387
1,-0.526686,1.80645
1,-0.534872,2.05665
1,-0.61963,2.00312
1,-0.597314,2.03193
1,-0.574352,2.06053
1,-0.636432,2.03483
1,-0.614014,2.06378
1,-0.464741,1.98516
1,-0.618358,1.89541
1,-0.639066,1.86642
1,-0.659471,1.83727
1,-0.67953,1.80801
1,-0.699267,1.7787
1,-0.602493,1.86376
1,-0.623122,1.8348
1,-0.64348,1.80572
1,-0.663504,1.77657
1,-0.586893,1.83202
1,-0.607445,1.80313
1,-0.627745,1.77416
1,-0.571573,1.80026
1,-0.592066,1.77149
1,-0.719667,1.81798
1,-0.732947,1.91002
1,-0.71616,1.87871
1,-0.699677,1.84731
1,-0.695759,1.90804
1,-0.679339,1.87654
1,-0.658679,1.90563
1,-0.00734659,1.53619
1,-0.0236575,1.50514
1,-0.0400894,1.47407
1,-0.0565945,1.44301
1,-0.0731999,1.41204
1,0.0114895,1.50659
1,-0.0047887,1.47547
1,-0.0212095,1.44435
1,-0.0377135,1.41329
1,0.0304331,1.47699
1,0.01419,1.44583
1,-0.00220941,1.41471
1,0.0494593,1.44747
1,0.0332325,1.41632
1,-0.174588,1.5769
1,-0.139543,1.5776
1,-0.104433,1.57831
1,-0.0692888,1.57903
1,-0.0342384,1.57971
1,-0.157725,1.60763
1,-0.122614,1.60841
1,-0.0874357,1.60911
1,-0.0523319,1.60977
1,-0.14082,1.63843
1,-0.10563,1.63917
1,-0.0704634,1.63984
1,-0.123876,1.66914
1,-0.0886433,1.66984
1,-0.0966047,1.44946
1,-0.116638,1.5402
1,-0.0982571,1.51026
1,-0.0797811,1.48033
1,-0.0814986,1.54115
1,-0.0630379,1.51124
1,-0.0464083,1.54214
1,-0.117121,1.4164
1,-0.135623,1.44628
1,-0.154006,1.47627
1,-0.172299,1.50632
1,-0.19046,1.53629
1,-0.152612,1.41546
1,-0.171039,1.44546
1,-0.189309,1.47555
1,-0.207492,1.50562
1,-0.188156,1.41471
1,-0.206422,1.44481
1,-0.224586,1.47493
1,-0.223617,1.41418
1,-0.241753,1.4443
1,-0.288291,1.72246
1,-0.270423,1.69219
1,-0.252686,1.66181
1,-0.235021,1.63142
1,-0.217448,1.60107
1,-0.252805,1.72264
1,-0.235031,1.69228
1,-0.261488,1.60111
1,-0.349364,1.63156
1,-0.314178,1.6316
1,-0.278966,1.63158
1,-0.331803,1.66202
1,-0.296516,1.66204
1,-0.314165,1.69241
1,-0.243986,1.56647
1,-0.279038,1.56645
1,-0.314153,1.56644
1,-0.349309,1.56645
1,-0.384338,1.56646
1,-0.261454,1.53605
1,-0.296587,1.53599
1,-0.331757,1.53601
1,-0.36689,1.53604
1,-0.278982,1.5056
1,-0.314167,1.50559
1,-0.34936,1.50561
1,-0.29655,1.47526
1,-0.33178,1.47524
1,-0.43787,1.53629
1,-0.45603,1.5063
1,-0.474307,1.47628
1,-0.492717,1.44626
1,-0.511192,1.41639
1,-0.420849,1.50561
1,-0.439003,1.47552
1,-0.457316,1.44545
1,-0.475712,1.41543
1,-0.403738,1.47491
1,-0.421906,1.44479
1,-0.440182,1.4147
1,-0.386588,1.4443
1,-0.404695,1.41416
1,-0.476587,1.53928
1,-0.548531,1.48031
1,-0.530083,1.51023
1,-0.511703,1.5402
1,-0.565267,1.51123
1,-0.546836,1.54117
1,-0.581918,1.54213
1,-0.55511,1.41204
1,-0.571714,1.443
1,-0.588229,1.47405
1,-0.604673,1.50515
1,-0.620982,1.53619
1,-0.590584,1.41328
1,-0.607126,1.44433
1,-0.623532,1.47548
1,-0.639817,1.50658
1,-0.626116,1.41469
1,-0.642496,1.44584
1,-0.658749,1.47699
1,-0.661555,1.41629
1,-0.677764,1.44747
1,-0.07096,1.36289
1,-0.0512238,1.33359
1,-0.0311597,1.30434
1,-0.0107385,1.27517
1,0.00996663,1.24619
1,-0.0352095,1.36502
1,-0.0151481,1.33589
1,0.00519683,1.30678
1,0.0258305,1.27784
1,0.000575319,1.36746
1,0.0208607,1.33846
1,0.0414199,1.30958
1,0.0362477,1.37013
1,0.056728,1.34133
1,-0.141814,1.23004
1,-0.0713698,1.2943
1,-0.0878245,1.26291
1,-0.104607,1.23158
1,-0.0510371,1.26506
1,-0.0674244,1.23355
1,-0.0303562,1.23597
1,-0.182978,1.23087
1,-0.165495,1.26176
1,-0.148309,1.29278
1,-0.1314,1.32391
1,-0.11482,1.355
1,-0.202346,1.26076
1,-0.184854,1.29163
1,-0.167614,1.32258
1,-0.150696,1.3536
1,-0.221371,1.2908
1,-0.20385,1.32157
1,-0.186634,1.35243
1,-0.240005,1.32086
1,-0.222537,1.35154
1,-0.389498,1.19868
1,-0.351874,1.19797
1,-0.314168,1.19773
1,-0.276416,1.19796
1,-0.238819,1.19869
1,-0.370078,1.22867
1,-0.332805,1.22824
1,-0.295488,1.22822
1,-0.258217,1.22868
1,-0.351045,1.25881
1,-0.314152,1.25859
1,-0.277252,1.2588
1,-0.332409,1.28897
1,-0.2959,1.28899
1,-0.296191,1.41283
1,-0.314165,1.44347
1,-0.277607,1.32089
1,-0.295999,1.35143
1,-0.314142,1.38209
1,-0.332099,1.41282
1,-0.349831,1.44355
1,-0.314144,1.32072
1,-0.35025,1.3822
1,-0.367955,1.41304
1,-0.350672,1.3209
1,-0.368592,1.35169
1,-0.386257,1.38258
1,-0.513509,1.35499
1,-0.496901,1.32389
1,-0.480018,1.29279
1,-0.462817,1.26173
1,-0.445331,1.23087
1,-0.477622,1.35357
1,-0.460673,1.32257
1,-0.443476,1.29159
1,-0.425952,1.26074
1,-0.441669,1.35242
1,-0.424463,1.32156
1,-0.406945,1.29078
1,-0.405793,1.35152
1,-0.388295,1.32086
1,-0.638279,1.24618
1,-0.617572,1.27518
1,-0.597167,1.30432
1,-0.57711,1.33359
1,-0.557371,1.36289
1,-0.654146,1.27784
1,-0.633517,1.30679
1,-0.613159,1.33587
1,-0.593135,1.36502
1,-0.669747,1.30957
1,-0.649195,1.33847
1,-0.628894,1.36744
1,-0.685067,1.34133
1,-0.664573,1.3701
1,-0.716998,1.37101
1,-0.698055,1.40088
1,-0.752887,1.37241
1,-0.733735,1.40215
1,-0.714795,1.43196
1,-0.769422,1.40361
1,-0.75031,1.43331
