300000
300001
300002
300003
300004
300005
300006
300007
300008
300009
300010
300011
300012
300013
300014
300015
300016
300017
300018
300019
300020
300021
300022
300023
300024
300025
300026
300027
300028
300029
300030
300031
300032
300033
300034
300036
300037
300038
300039
300040
300041
300042
300043
300044
300045
300046
300047
300048
300049
300050
300051
300052
300053
300054
300055
300056
300057
300058
300059
300060
300061
300062
300063
300065
300067
300068
300069
300070
300071
300072
300073
300074
300075
300076
300077
300078
300079
300080
300081
300082
300083
300084
300085
300086
300087
300088
300089
300090
300093
300094
300095
300096
300097
300098
300099
300100
300101
300102
300103
300104
300105
300106
300107
300108
300109
300110
300111
300112
300113
300115
300116
300117
300118
300119
300120
300121
300122
300123
300124
300125
300126
300127
300128
300129
300130
300131
300132
300133
300143
300144
300145
300146
300147
300148
300149
300150
300151
300152
300153
300154
300155
300156
300157
300158
300159
300160
300161
300162
300383
300401
300404
300406
300407
300408
300409
300413
300414
300415
300416
300417
300418
300419
300420
300421
300422
300423
300424
300425
300427
300428
300429
300433
300434
300435
300436
300437
300438
300439
300440
300441
300442
300443
300444
300445
300446
300447
300448
300449
300450
300452
300453
300454
300455
300456
300457
300458
300459
300462
300463
300464
300465
300466
300468
300469
300470
300473
300474
300475
300476
300477
300478
300479
300480
300481
300482
300483
300484
300485
300486
300487
300488
300489
300490
300491
300499
300500
300503
300504
300505
300506
300570
300571
300730
300732
300733
300734
300735
300736
300737
300738
300739
300740
300741
300742
300743
300744
300745
300767
300768
300770
300772
300773
300775
300776
300777
300778
300779
300780
300781
300782
300783
300804
300809
300814
300815
300817
300819
300822
300823
300824
300825
300826
300827
300828
300829
300830
300831
300832
300833
300834
300835
300836
300837
300839
300840
300841
300843
300844
300845
300846
300847
300849
300850
300851
300852
300853
300854
300856
300857
300858
300859
300860
300861
300862
300863
300864
300865
300866
300867
300868
300869
300870
300871
300872
300873
300874
300875
300876
300877
300878
300879
300880
300881
300882
300883
300884
300885
300886
300887
300888
300889
300890
300891
300892
300894
300897
300899
300900
300901
300902
300903
300904
300905
300906
300907
300908
300909
300910
300911
300912
300913
300914
300916
300917
300918
300920
300922
300925
300926
300929
300932
300933
300934
300935
300936
300943
300944
300945
300946
300947
300948
300949
300950
300951
300952
300953
300954
300990
300991
300993
300994
300995
300996
300997
300998
300999
301000
301001
301002
301003
301004
301005
301006
301007
301008
301009
301010
301011
301012
301013
301014
301015
301016
301017
301018
301019
301020
301021
301022
301023
301024
301025
301026
301027
301028
301029
301030
301032
301033
301034
301035
301036
301037
301038
301039
301040
301041
301042
301043
301044
301045
301046
301047
301048
301049
301050
301051
301052
301053
301054
301055
301056
301057
301058
301059
301060
301061
301062
301066
301067
301068
301069
301070
301071
301072
301073
301074
301075
301076
301077
301078
301079
301080
301081
301082
301083
301084
301085
301086
301088
301089
301090
301091
301092
301093
301094
301095
301096
301097
301098
301099
301100
301101
301102
301103
301104
301108
301109
301110
301111
301112
301113
301114
301115
301116
301117
301118
301119
301120
301121
301122
301123
301124
301125
301126
301127
301128
301129
301130
301131
301132
301133
301134
301135
301137
301138
301139
301140
301143
301144
301145
301148
301178
301188
301189
301190
301191
301192
301193
301194
301195
301204
301205
301206
301207
301208
301210
301211
301212
301213
301214
301215
301216
301217
301218
301219
301220
301221
301222
301223
301225
301226
301227
301228
301229
301230
301231
301232
301233
301234
301235
301236
301237
301238
301239
301240
301241
301242
301246
301247
301248
301249
301250
301251
301252
301253
301254
301255
301256
301257
301258
301259
301260
301261
301262
301263
301264
301265
301266
301267
301268
301269
301270
301271
301272
301273
301274
301275
301276
301277
301279
301280
301281
301282
301286
301288
301290
301299
301300
301301
301302
301303
301304
301305
301306
301307
301308
301309
301310
301311
301312
301313
301314
301315
301316
301317
301318
301319
301320
301321
301322
301323
301324
301327
301328
301329
301330
301331
301332
301333
301334
301335
301337
301338
301339
301340
301341
301342
301343
301346
301347
301348
301350
301351
301352
301353
301354
301355
301356
301357
301358
301359
301360
301361
301362
301363
301364
301365
301366
301375
301377
301378
301379
301380
301381
301382
301383
301384
301385
301386
301387
301388
301389
301390
301391
301392
301393
301394
301395
301396
301397
301398
301399
301400
301403
301404
301405
301406
301407
301408
301409
301410
301411
301412
301413
301414
301415
301416
301417
301418
301419
301420
301421
301422
301423
301424
301425
301426
301427
301428
301429
301430
301431
301432
301433
301434
301435
301436
301437
301438
301439
301440
301441
301442
301443
301444
301475
301476
301477
301478
301479
301480
301481
301482
301483
301484
301485
301486
301487
301488
301489
301490
301491
301492
301493
301494
301495
301496
301497
301498
301499
301500
301501
301502
301503
301504
301505
301506
301507
301509
301510
301511
301512
301514
301515
301516
301517
301518
301519
301520
301522
301524
301525
301526
301527
301528
301529
301530
301555
301559
301560
301561
301575
301576
301577
301578
301579
301580
301581
301582
301584
301585
301586
301587
301588
301589
301590
301591
301592
301594
301595
301597
301598
301599
301600
301601
301602
301603
301604
301605
301606
301607
301608
301609
301610
301611
301612
301613
301614
301615
301616
301617
301618
301619
301620
301621
301622
301623
301624
301625
301626
301627
301628
301629
301630
301631
301632
301634
301635
301636
301637
301638
301639
301640
301641
301642
301643
301644
301645
301646
301647
301648
301649
301650
301651
301652
301653
301654
301655
301656
301657
301658
301659
301660
301661
301663
301664
301665
301666
301667
301668
301669
301670
301671
301672
301673
301674
301675
301676
301677
301680
301682
301683
301684
301685
301687
301688
301689
301690
301698
301699
301704
301705
301706
301707
301708
301709
301710
301711
301712
301713
301714
301715
301716
301717
301718
301719
301720
301721
301722
301723
301724
301725
301726
301727
301728
301729
301730
301731
301732
301733
301734
301735
301736
301737
301738
301739
301740
301741
301743
301744
301745
301746
301747
301748
301758
301759
301761
301762
301763
301764
301765
301766
301767
301768
301769
301770
301771
301772
301773
301774
301778
301781
301782
301783
301786
301787
301789
301790
301791
301792
301793
301794
301795
301796
301797
301798
301799
301800
301801
301802
301803
301804
301805
301806
301807
301808
301809
301810
301812
301813
301814
301815
301816
301817
301819
301820
301821
301822
301823
301883
301886
301887
301889
301891
301892
301893
301894
301895
301896
301897
301898
301899
301900
301901
301902
301903
301904
301905
301909
301910
301911
301912
301913
301914
301915
301916
301917
301919
301920
301922
301923
301924
301925
301926
301927
301928
301929
301930
301939
301946
301947
301949
301950
301951
301952
301953
301954
301955
301956
301957
301958
301959
301960
301961
301962
301963
301964
301965
301966
301967
301968
301970
301971
301972
301973
301974
301975
301976
301977
301978
301979
301980
301981
301982
301983
301984
301985
301986
301987
301988
301989
301990
301991
301992
301993
301994
302000
302002
302003
302004
302005
302006
302007
302008
302009
302010
302011
302012
302013
302014
302015
302016
302017
302018
302019
302020
302021
302022
302023
302024
302025
302026
302027
302028
302029
302030
302031
302032
302033
302034
302035
302036
302037
302038
302039
302040
302041
302042
302043
302044
302045
302046
302047
302048
302049
302050
302051
302052
302053
302054
302055
302056
302057
302058
302059
302060
302061
302062
302063
302064
302065
302066
302067
302068
302233
302240
302251
302252
302253
302254
302255
302256
302257
302258
302259
302260
302261
302262
302263
302264
302265
302266
302267
302268
302269
302270
302271
302273
302274
302275
302276
302277
302278
302279
302280
302281
302282
302283
302284
302285
302286
302292
302293
302296
302297
302299
302301
302302
302311
302312
302313
302314
302315
302316
302317
302318
302319
302320
302321
302322
302323
302324
302325
302326
302329
302330
302331
302333
302334
302335
302336
302337
302338
302339
302340
302341
302342
302343
302344
302345
302346
302347
302348
302349
302350
302351
302352
302353
302354
302355
302356
302357
302358
302359
302360
302361
302362
302363
302364
302365
302366
302367
302368
302369
302370
302371
302372
302373
302374
302375
302376
302377
302378
302379
302381
302383
302385
302386
302387
302388
302389
302390
302391
302392
302393
302394
302395
302396
302397
302398
302399
302400
302401
302402
302403
302404
302405
302406
302407
302408
302409
302410
302411
302412
302413
302414
302415
302416
302417
302418
302419
302422
302423
302528
302529
302530
302531
302532
302533
302534
302535
302536
302537
302538
302539
302540
302541
302542
302543
302544
302551
302553
302554
302560
302564
302565
302566
302567
302568
302569
302570
302571
302572
302573
302578
302579
302580
302581
302582
302583
302584
302587
302588
302589
302590
302591
302592
302593
302595
302596
302597
302598
302599
302601
302602
302603
302604
302607
302608
302609
302610
302611
302613
302616
302619
302620
302621
302622
302623
302625
302626
302638
302648
302650
302651
302652
302653
302654
302655
302656
302657
302658
302659
302689
302721
302722
302723
302724
302725
302726
302727
302728
302730
302731
302732
302733
302741
302749
302751
302752
302753
302754
302755
302756
302757
302758
302759
302760
302761
302763
302766
302814
302816
302818
302819
302821
302822
302823
302882
302889
302891
302895
302896
302909
302910
302911
302918
302920
302922
302925
302928
302933
302981
302982
302983
302984
302985
302986
302987
302989
302990
302991
302992
302993
303013
303014
303020
303021
303022
303023
303024
303025
303026
303027
303032
303033
303037
303038
303039
303040
303049
303051
303052
303056
303058
303060
303065
303070
303071
303072
303073
303074
303075
303076
303078
303080
303081
303082
303083
303084
303085
303086
303087
303088
303089
303090
303091
303092
303093
303094
303095
303096
303097
303098
303099
303100
303101
303102
303103
303104
303105
303106
303107
303108
303109
303110
303111
303112
303113
303114
303115
303116
303117
303118
303119
303120
303121
303122
303125
303126
303127
303128
303130
303131
303132
303133
303134
303135
303136
303137
303138
303139
303140
303141
303142
303143
303144
303147
303152
303153
303155
303156
303157
303161
303162
303163
303164
303167
303168
303169
303170
303171
303172
303173
303174
303175
303176
303177
303185
303189
303190
303199
303200
303201
303202
303203
303204
303205
303210
303211
303212
303213
303214
303215
303216
303221
303224
303225
303228
303229
303230
303231
303232
303233
303234
303235
303236
303238
303239
303240
303241
303242
303243
303244
303245
303246
303247
303248
303249
303250
303252
303253
303254
303255
303256
303319
303363
303364
303365
303366
303367
303368
303369
303370
303371
303372
303373
303374
303375
303376
303384
303385
303386
303387
303388
303389
303390
303391
303392
303393
303394
303395
303396
303397
303398
303399
303400
303401
303402
303403
303404
303406
303407
303408
303409
303410
303411
303412
303413
303414
303415
303416
303417
303418
303419
303420
303421
303422
303423
303424
303425
303426
303427
303428
303429
303430
303431
303432
303433
303434
303435
303436
303437
303438
303441
303442
303443
303444
303446
303447
303448
303449
303450
303451
303452
303453
303454
303455
303456
303457
303458
303459
303460
303461
303462
303464
303465
303466
303467
303468
303469
303470
303471
303472
303473
303474
303475
303476
303477
303478
303479
303480
303490
303497
303498
303502
303503
303504
303505
303506
303507
303509
303510
303511
303547
303548
303549
303550
303557
303558
303559
303560
303561
303562
303563
303564
303565
303566
303567
303568
303569
303570
303571
303572
303573
303574
303575
303576
303577
303578
303580
303582
303584
303585
303586
303587
303588
303589
303590
303591
303592
303593
303594
303595
303596
303598
303599
303600
303601
303602
303603
303604
303605
303606
303607
303608
303609
303610
303611
303612
303613
303614
303615
303616
303617
303618
303619
303620
303621
303622
303623
303624
303625
303626
303627
303628
303629
303630
303631
303632
303633
303650
303651
303652
303653
303654
303655
303656
303657
303666
303667
303668
303669
303670
303671
303672
303673
303674
303677
303678
303679
303680
303681
303682
303683
303726
303727
303728
303729
303730
303731
303732
303733
303734
303735
303736
303737
303738
303739
303740
303741
303742
303751
303752
303753
303754
303755
303756
303757
303758
303759
303760
303761
303762
303763
303764
303765
303766
303767
303768
303769
303770
303771
303772
303773
303776
303777
303778
303779
303780
303783
303784
303785
303786
303787
303788
303789
303790
303791
303792
303793
303794
303795
303796
303797
303798
303799
303800
303801
303802
303803
303804
303805
303806
303807
303808
303809
303810
303811
303812
303813
303814
303815
303816
303817
303818
303819
303820
303821
303822
303824
303825
303826
303827
303828
303829
303830
303831
303832
303833
303834
303835
303836
303837
303838
303839
303840
303841
303842
303843
303844
303845
303847
303849
303850
303851
303852
303853
303854
303855
303856
303857
303858
303859
303860
303861
303862
303863
303864
303865
303866
303867
303868
303869
303870
303876
303877
303878
303879
303880
303881
303882
303883
303884
303885
303886
303887
303888
303889
303890
303891
303892
303903
303904
303905
303906
303907
303908
303909
303911
303912
303913
303914
303915
303916
303917
303918
303925
303926
303927
303931
303932
303933
303934
303935
303936
303937
303938
303939
303940
303941
303942
303943
303944
303945
303946
303947
303948
303949
303951
303952
303953
303954
303955
303958
303959
303960
303961
303962
303963
303964
303965
303966
303967
303968
303969
303970
303971
303972
303973
303974
303975
303976
303977
303978
303979
303980
303981
303982
303983
303984
303985
303986
303987
303988
303989
303990
303991
303992
303993
303994
303995
303996
303997
303998
303999
304000
304001
304002
304003
304004
304005
304006
304010
304011
304012
304013
304014
304015
304016
304017
304018
304019
304020
304021
304024
304025
304026
304027
304028
304029
304030
304031
304032
304033
304034
304035
304036
304037
304038
304039
304040
304041
304042
304043
304044
304045
304046
304047
304048
304049
304050
304051
304052
304053
304054
304055
304057
304058
304059
304060
304061
304062
304063
304064
304065
304066
304067
304068
304071
304075
304083
304084
304085
304086
304087
304088
304089
304090
304091
304092
304093
304094
304095
304096
304097
304098
304099
304100
304101
304102
304103
304104
304105
304108
304109
304110
304111
304112
304113
304114
304115
304116
304117
304118
304119
304120
304121
304133
304134
304135
304136
304140
304141
304142
304143
304144
304145
304146
304147
304149
304150
304151
304155
304156
304157
304158
304159
304160
304161
304162
304163
304164
304165
304166
304167
304168
304169
304170
304171
304172
304173
304174
304176
304178
304179
304181
304190
304191
304194
304195
304196
304197
304198
304199
304200
304204
304205
304206
304208
304209
304210
304238
304241
304242
304243
304244
304245
304252
304253
304255
304256
304257
304258
304259
304260
304261
304262
304263
304264
304274
304275
304276
304277
304278
304279
304283
304285
304287
304289
304291
304293
304297
304298
304299
304300
304301
304302
304303
304304
304305
304306
304307
304308
304309
304310
304311
304312
304313
304314
304315
304316
304317
304320
304321
304325
304326
304327
304328
304329
304330
304366
304367
304368
304369
304370
304371
304372
304373
304374
304375
304376
304388
304389
304391
304394
304395
304396
304397
304398
304399
304400
304401
304402
304403
304404
304409
304410
304415
304416
304417
304418
304419
304420
304421
304422
304423
304424
304425
304426
304427
304429
304430
304431
304432
304433
304434
304435
304436
304437
304438
304439
304440
304441
304444
304447
304448
304449
304450
304451
304452
304453
304454
304455
304456
304457
304458
304459
304460
304463
304464
304465
304466
304467
304468
304469
304470
304471
304472
304474
304476
304477
304485
304486
304487
304488
304489
304490
304491
304492
304493
304494
304495
304496
304497
304498
304499
304500
304501
304502
304504
304506
304507
304508
304509
304510
304511
304512
304513
304514
304515
304516
304517
304518
304519
304520
304521
304522
304523
304524
304525
304526
304527
304528
304529
304530
304531
304532
304533
304534
304535
304536
304537
304538
304539
304540
304541
304542
304543
304544
304545
304549
304550
304551
304552
304554
304555
304556
304557
304558
304559
304560
304561
304562
304563
304565
304575
304582
304583
304584
304585
304587
304588
304589
304590
304595
304596
304597
304598
304599
304600
304601
304602
304603
304604
304605
304606
304627
304628
304629
304630
304631
304632
304633
304634
304635
304636
304637
304638
304639
304640
304641
304642
304643
304644
304647
304648
304649
304650
304651
304652
304653
304654
304655
304656
304657
304658
304659
304660
304661
304662
304663
304664
304666
304667
304668
304669
304670
304671
304672
304673
304674
304675
304676
304677
304678
304679
304680
304681
304682
304683
304684
304685
304686
304687
304688
304689
304690
304691
304692
304693
304694
304695
304696
304697
304698
304699
304700
304701
304702
304703
304704
304705
304706
304707
304708
304709
304711
304712
304713
304718
304720
304721
304722
304723
304724
304725
304726
304727
304728
304729
304730
304731
304732
304733
304734
304735
304744
304748
304749
304752
304754
304761
304762
304763
304764
304765
304766
304767
304768
304769
304770
304771
304772
304773
304785
304787
304789
304790
304791
304792
304793
304794
304795
304796
304801
304802
304803
304804
304805
304806
304817
304822
304823
304826
304828
304829
304844
304845
304846
304847
304848
304849
304850
304852
304853
304859
304860
304861
304862
304863
304864
304865
304866
304867
304868
304869
304870
304871
304872
304873
304874
304875
304876
304877
304878
304882
304883
304884
304885
304887
304888
304889
304890
304891
304892
304893
304896
304897
304898
304899
304900
304901
304902
304903
304904
304905
304906
304907
304908
304909
304910
304911
304912
304913
304914
304916
304917
304918
304919
304924
304925
304926
304927
304928
304929
304930
304937
304938
304939
304940
304941
304942
304943
304944
304945
304946
304947
304948
304949
304950
304951
304952
304953
304954
304955
304956
304957
304958
304968
304969
304970
304971
304972
304973
304974
304975
304976
304977
304978
304980
304981
304982
304983
304984
305002
305003
305004
305005
305006
305007
305008
305009
305010
305011
305013
305014
305015
305016
305017
305026
305027
305028
305029
305030
305031
305032
305033
305035
305036
305037
305038
305039
305040
305041
305042
305043
305044
305048
305049
305054
305055
305056
305057
305058
305059
305060
305061
305062
305063
305064
305065
305066
305067
305068
305069
305070
305071
305072
305073
305074
305075
305076
305077
305078
305079
305080
305081
305082
305083
305084
305085
305086
305087
305088
305089
305090
305096
305099
305106
305107
305108
305109
305110
305111
305112
305113
305114
305115
305116
305117
305118
305119
305120
305122
305123
305131
305132
305134
305135
305137
305138
305139
305140
305141
305142
305143
305144
305148
305149
305150
305197
305198
305199
305200
305201
305202
305203
305204
305205
305206
305215
305216
305217
305218
305219
305220
305226
305227
305228
305229
305230
305231
305232
305233
305234
305235
305236
305237
305238
305239
305240
305241
305242
305292
305293
305294
305295
305296
305297
305298
305299
305300
305301
305302
305303
305304
305366
305367
305368
305369
305370
305371
305372
305373
305374
305375
305376
305380
305381
305382
305383
305384
305385
305386
305387
305388
305389
305390
305391
305392
305393
305394
305395
305396
305397
305398
305401
305402
305403
305404
305405
305406
305407
305408
305409
305410
305411
305412
305413
305414
305415
305419
305420
305421
305422
305423
305424
305425
305426
305427
305428
305429
305430
305431
305432
305433
305434
305435
305436
305437
305438
305439
305447
305448
305449
305450
305451
305452
305453
305454
305455
305456
305457
305458
305459
305460
305461
305462
305465
305468
305470
305471
305472
305473
305474
305478
305479
305480
305481
305484
305486
305487
305495
305496
305497
305500
305501
305503
305505
305507
305509
305516
305519
305520
305521
305527
305528
305529
305530
305531
305532
305533
305536
305537
305538
305539
305540
305541
305542
305543
305544
305545
305546
305547
305548
305549
305550
305551
305552
305553
305554
305555
305556
305557
305560
305561
305562
305563
305564
305565
305566
305571
305572
305573
305574
305575
305576
305580
305581
305582
305584
305586
305588
305589
305590
305592
305593
305594
305596
305597
305598
305599
305600
305601
305602
305603
305604
305606
305608
305610
305612
305614
305615
305617
305621
305622
305623
305625
305626
305627
305629
305633
305634
305637
305638
305641
305642
305645
305649
305650
305651
305652
305653
305654
305655
305659
305662
305663
305664
305665
305666
305667
305668
305671
305672
305673
305674
305675
305676
305677
305678
305679
305680
305681
305682
305683
305684
305685
305686
305687
305688
305689
305690
305692
305693
305695
305696
305697
305698
305699
305700
305701
305702
305703
305704
305705
305706
305707
305708
305709
305710
305711
305912
305913
305914
305915
305916
305917
305918
305919
305920
305947
305952
305953
305956
305957
305958
305959
305960
305961
305962
305963
305964
305965
305966
305967
305968
305969
305970
305971
305972
305973
305976
305978
305979
305980
305981
305982
305983
305984
305985
305986
305987
305988
305989
305990
305991
305992
305993
305994
305995
305996
305997
305998
305999
306000
306001
306002
306008
306009
306010
306011
306015
306016
306026
306027
306028
306029
306030
306031
306033
306034
306035
306036
306037
306038
306039
306041
306042
306043
306044
306045
306046
306047
306048
306049
306050
306051
306052
306054
306055
306056
306057
306058
306059
306060
306061
306062
306063
306064
306076
306077
306078
306079
306080
306081
306082
306083
306084
306085
306088
306089
306090
306091
306092
306093
306094
306095
306096
306097
306098
306099
306100
306101
306102
306103
306104
306105
306106
306108
306109
306110
306111
306112
306113
306114
306115
306116
306117
306118
306119
306120
306126
306127
306128
306129
306130
306132
306133
306134
306135
306136
306137
306138
306139
306140
306141
306224
306225
306226
306227
306228
306229
306230
306231
306232
306233
306234
306235
306236
306237
306238
306239
306240
306241
306242
306243
306244
306245
306246
306247
306248
306249
306252
306256
306257
306258
306259
306260
306261
306262
306263
306264
306266
306267
306268
306269
306270
306271
306272
306273
306274
306275
306276
306277
306278
306279
306280
306281
306282
306283
306285
306286
306287
306288
306289
306290
306291
306292
306293
306294
306295
306296
306303
306304
306305
306306
306309
306310
306311
306312
306313
306314
306315
306316
306317
306318
306319
306320
306321
306322
306332
306333
306334
306340
306341
306342
306343
306344
306345
306347
306348
306349
306350
306351
306352
306353
306354
306355
306356
306357
306358
306359
306360
306361
306362
306363
306365
306366
306367
306368
306369
306370
306371
306372
306373
306374
306375
306376
306377
306378
306379
306380
306381
306382
306383
306384
306385
306386
306387
306388
306389
306390
306391
306392
306393
306394
306395
306396
306397
306398
306399
306400
306409
306410
306411
306412
306424
306425
306426
306427
306428
306429
306430
306436
306437
306438
306440
306441
306444
306445
306447
306449
306451
306453
306454
306458
306460
306463
306466
306471
306473
306474
306475
306476
306477
306478
306479
306485
306486
306497
306498
306499
306502
306505
306508
306509
306516
306517
306518
306519
306520
306521
306522
306533
306534
306535
306536
306537
306538
306539
306540
306541
306542
306543
306544
306545
306546
306547
306548
306551
306552
306553
306554
306555
306559
306560
306561
306564
306565
306569
306570
306571
306572
306573
306574
306575
306576
306577
306578
306579
306580
306581
306582
306583
306584
306585
306586
306587
306588
306589
306590
306591
306592
306593
306594
306595
306596
306597
306598
306599
306600
306601
306602
306603
306604
306605
306613
306614
306615
306616
306617
306618
306619
306620
306621
306622
306670
306671
306672
306673
306674
306675
306676
306678
306679
306680
306681
306682
306683
306708
306709
306710
306711
306712
306721
306722
306723
306724
306725
306726
306727
306728
306729
306730
306731
306732
306733
306734
306750
306751
306752
306753
306754
306755
306756
306757
306758
306759
306760
306761
306762
306763
306764
306765
306766
306767
306768
306769
306771
306772
306773
306774
306775
306776
306777
306778
306779
306780
306781
306782
306783
306784
306785
306786
306787
306788
306790
306792
306793
306794
306795
306796
306797
306798
306799
306800
306801
306802
306803
306804
306805
306806
306807
306808
306809
306810
306811
306812
306813
306814
306815
306816
306817
306818
306819
306820
306821
306822
306823
306824
306825
306826
306827
306828
306829
306830
306831
306832
306833
306834
306835
306836
306837
306838
306839
306840
306841
306842
306843
306844
306847
306850
306851
306852
306853
306856
306857
306858
306859
306860
306861
306862
306863
306864
306865
306866
306867
306868
306869
306870
306871
306872
306873
306874
306883
306884
306885
306886
306887
306888
306889
306890
306891
306892
306893
306894
306895
306896
306897
306898
306899
306900
306901
306917
306918
306919
306920
306921
306922
306923
306924
306925
306926
306927
306928
306929
306931
306932
306933
306934
306935
306936
306937
306938
306939
306940
306941
306942
306943
306944
306945
306946
306947
306948
306949
306950
306951
306952
306953
306954
306955
306956
306957
306958
306959
306960
306961
306962
306963
306964
306967
306968
306969
306970
306971
306972
306973
306974
306975
306976
306977
306978
306979
306980
306981
306983
306984
306985
306986
306987
306988
306989
306990
306991
306992
306993
306994
306995
306996
306997
306998
306999
307000
307001
307002
307003
307004
307005
307006
307007
307008
307009
307010
307011
307012
307043
307044
307048
307049
307052
307053
307054
307055
307056
307057
307058
307059
307060
307061
307062
307063
307064
307065
307067
307068
307069
307074
307076
307077
307078
307079
307080
307081
307082
307083
307084
307085
307086
307087
307088
307089
307090
307097
307108
307112
307113
307114
307115
307116
307117
307121
307122
307123
307124
307125
307126
307127
307128
307129
307130
307131
307132
307133
307134
307135
307136
307139
307140
307141
307142
307143
307144
307145
307146
307147
307148
307149
307150
307151
307152
307153
307155
307156
307157
307158
307159
307160
307161
307162
307163
307164
307165
307166
307167
307168
307171
307172
307173
307174
307175
307176
307177
307178
307179
307180
307182
307183
307184
307185
307186
307187
307188
307189
307190
307191
307193
307194
307195
307196
307197
307198
307199
307200
307201
307202
307203
307204
307205
307206
307207
307208
307209
307210
307211
307212
307213
307214
307215
307216
307217
307218
307219
307220
307221
307222
307223
307224
307225
307226
307227
307228
307229
307230
307231
307232
307233
307234
307235
307236
307237
307238
307239
307240
307241
307242
307243
307244
307245
307246
307247
307248
307249
307250
307251
307252
307256
307257
307258
307259
307260
307261
307262
307263
307264
307265
307266
307267
307268
307276
307277
307278
307279
307280
307281
307282
307283
307284
307285
307286
307287
307288
307289
307290
307291
307292
307293
307294
307295
307296
307297
307298
307299
307300
307301
307302
307303
307304
307305
307306
307308
307309
307310
307311
307312
307313
307314
307315
307316
307317
307318
307319
307320
307321
307322
307323
307324
307325
307326
307327
307328
307329
307330
307331
307332
307333
307334
307335
307336
307337
307338
307339
307340
307341
307342
307345
307346
307347
307348
307349
307350
307351
307352
307353
307354
307355
307356
307357
307358
307359
307360
307361
307362
307363
307364
307366
307367
307368
307369
307370
307371
307372
307373
307374
307375
307376
307377
307378
307379
307380
307381
307384
307385
307386
307387
307388
307389
307390
307391
307398
307399
307400
307401
307402
307403
307404
307405
307406
307407
307408
307409
307410
307411
307412
307413
307414
307415
307419
307420
307421
307422
307423
307425
307426
307427
307428
307429
307430
307431
307432
307433
307434
307435
307436
307437
307438
307439
307440
307442
307443
307444
307445
307446
307447
307448
307449
307450
307451
307453
307454
307455
307456
307457
307458
307459
307460
307461
307462
307463
307464
307465
307466
307467
307468
307469
307470
307471
307473
307474
307475
307476
307477
307478
307479
307480
307481
307482
307483
307485
307493
307494
307495
307496
307497
307498
307499
307500
307501
307502
307503
307504
307505
307507
307508
307509
307510
307511
307512
307513
307514
307515
307516
307517
307518
307519
307521
307522
307528
307530
307532
307533
307534
307547
307548
307549
307550
307551
307552
307553
307554
307555
307556
307557
307558
307559
307560
307561
307562
307563
307564
307565
307566
307567
307568
307569
307570
307571
307572
307573
307574
307575
307576
307577
307578
307579
307580
307581
307582
307583
307584
307585
307586
307587
307588
307589
307590
307591
307604
307605
307606
307607
307608
307609
307610
307611
307612
307613
307614
307615
307616
307617
307618
307619
307620
307622
307623
307624
307625
307626
307627
307628
307629
307630
307631
307632
307633
307634
307635
307636
307637
307638
307639
307640
307641
307642
307645
307646
307647
307648
307649
307650
307651
307660
307661
307662
307663
307664
307665
307666
307667
307668
307669
307671
307672
307673
307674
307675
307696
307697
307698
307699
307700
307701
307702
307706
307707
307708
307709
307710
307711
307713
307714
307715
307716
307717
307718
307719
307720
307721
307722
307723
307724
307725
307726
307727
307728
307729
307730
307731
307732
307733
307734
307735
307736
307737
307739
307740
307741
307748
307749
307750
307751
307752
307753
307754
307755
307756
307757
307758
307759
307760
307761
307762
307763
307764
307765
307766
307767
307768
307769
307770
307771
307772
307773
307774
307776
307777
307778
307779
307780
307781
307782
307783
307784
307785
307786
307787
307788
307789
307790
307791
307799
307800
307801
307802
307803
307836
307837
307838
307839
307840
307841
307842
307844
307845
307847
307848
307849
307851
307854
307855
307873
307874
307875
307876
307877
307886
307887
307888
307889
307890
307896
307897
307898
307899
307900
307901
307902
307903
307904
307905
307906
307907
307908
307910
307911
307912
307913
307914
307915
307916
307917
307918
307919
307920
307921
307922
307923
307924
307925
307926
307927
307928
307929
307930
307931
307932
307933
307935
307936
307937
307947
307948
307949
307950
307951
307952
307953
307954
307955
307956
307958
307960
307961
307962
307963
307964
307965
307966
307967
307968
307969
307970
307971
307972
307973
307974
307975
307976
307979
307980
307981
307982
307984
307985
307986
307987
307988
307989
307990
307991
307992
307993
307994
307995
307996
307997
307998
308001
308002
308003
308004
308009
308010
308011
308012
308013
308014
308015
308016
308017
308018
308019
308022
308023
308024
308025
308026
308027
308028
308029
308030
308031
308032
308033
308034
308035
308036
308037
308038
308039
308040
308041
308043
308044
308045
308047
308048
308049
308050
308051
308052
308053
308054
308055
308056
308057
308058
308059
308060
308061
308063
308064
308065
308066
308069
308070
308085
308086
308087
308088
308089
308090
308091
308092
308093
308094
308095
308096
308097
308098
308099
308100
308101
308102
308103
308104
308105
308111
308112
308113
308114
308115
308116
308117
308118
308121
308122
308123
308124
308125
308126
308127
308128
308129
308130
308131
308132
308133
308134
308135
308136
308137
308138
308139
308140
308142
308143
308144
308145
308146
308147
308148
308149
308150
308151
308152
308154
308156
308157
308158
308160
308161
308162
308163
308164
308165
308166
308167
308169
308170
308171
308172
308173
308174
308175
308176
308177
308178
308179
308180
308181
308182
308183
308184
308185
308186
308187
308188
308189
308190
308191
308235
308236
308237
308238
308240
308241
308242
308243
308244
308245
308246
308247
308248
308249
308250
308251
308254
308256
308257
308263
308264
308265
308266
308267
308268
308269
308270
308271
308272
308273
308274
308275
308276
308277
308282
308283
308284
308285
308287
308288
308289
308290
308295
308296
308297
308298
308299
308300
308304
308305
308306
308307
308308
308309
308310
308311
308312
308313
308314
308315
308316
308317
308318
308335
308336
308337
308338
308342
308343
308344
308345
308346
308347
308348
308349
308350
308351
308352
308353
308354
308355
308362
308363
308364
308365
308367
308368
308370
308375
308376
308377
308379
308380
308381
308382
308383
308384
308385
308386
308387
308388
308389
308390
308391
308392
308393
308395
308396
308397
308400
308401
308402
308403
308404
308405
308406
308407
308408
308409
308413
308414
308415
308417
308418
308419
308420
308421
308422
308423
308424
308425
308426
308427
308428
308429
308430
308431
308432
308433
308434
308435
308436
308437
308438
308440
308441
308442
308443
308444
308452
308453
308458
308459
308460
308461
308462
308463
308464
308466
308467
308468
308469
308470
308471
308472
308473
308474
308475
308476
308477
308478
308479
308481
308482
308483
308486
308487
308488
308489
308490
308491
308492
308493
308495
308496
308497
308498
308499
308502
308503
308504
308505
308507
308508
308509
308510
308511
308512
308513
308514
308515
308516
308518
308519
308520
308521
308522
308523
308526
308527
308528
308529
308530
308536
308537
308538
308539
308540
308541
308542
308543
308544
308545
308546
308550
308551
308552
308553
308556
308557
308558
308559
308560
308561
308562
308563
308564
308565
308566
308567
308568
308569
308570
308571
308572
308573
308574
308576
308578
308579
308580
308581
308582
308586
308587
308588
308589
308590
308591
308592
308593
308594
308595
308596
308597
308598
308599
308600
308601
308630
308631
308632
308633
308634
308635
308636
308637
308638
308639
308640
308641
308642
308643
308644
308691
308692
308693
308694
308696
308700
308701
308702
308703
308714
308715
308716
308717
308718
308719
308720
308721
308722
308723
308724
308725
308726
308727
308740
308741
308747
308749
308750
308752
308753
308755
308756
308758
308759
308765
308766
308767
308768
308769
308770
308771
308772
308773
308775
308776
308777
308778
308779
308780
308781
308782
308783
308789
308790
308791
308792
308793
308794
308795
308796
308797
308798
308799
308800
308801
308802
308803
308804
308805
308806
308807
308808
308813
308814
308815
308816
308819
308823
308824
308825
308826
308828
308830
308831
308832
308833
308834
308835
308836
308837
308838
308839
308840
308841
308842
308843
308844
308847
308848
308849
308850
308851
308852
308853
308854
308855
308856
308857
308858
308861
308864
308867
308868
308869
308870
308872
308873
308874
308875
308877
308881
308882
308883
308884
308885
308886
308887
308888
308889
308890
308891
308892
308893
308894
308895
308896
308900
308901
308902
308903
308904
308905
308906
308907
308908
308909
308910
308911
308912
308913
308914
308915
308923
308924
308925
308926
308927
308928
308929
308930
308931
308932
308933
308934
308935
308936
308937
308938
308939
308940
308941
308942
308943
308944
308945
308946
308947
308948
308949
308950
308951
308954
308955
308956
308957
308958
308959
308960
308961
308962
308963
308964
308965
308966
308967
308968
308969
308970
308971
308972
308973
308974
308975
308976
308978
308979
308980
308981
308982
308987
308988
308989
308990
308991
308992
308993
308994
308995
308996
308997
308998
308999
309000
309002
309003
309006
309007
309008
309009
309010
309011
309012
309013
309014
309015
309016
309017
309018
309019
309020
309021
309024
309026
309027
309028
309029
309030
309031
309032
309033
309034
309035
309036
309037
309039
309040
309041
309042
309044
309045
309046
309047
309048
309049
309050
309051
309052
309053
309054
309056
309057
309059
309060
309061
309062
309063
309064
309065
309066
309067
309068
309069
309070
309071
309072
309073
309074
309075
309076
309077
309078
309079
309080
309081
309082
309087
309088
309089
309090
309091
309092
309093
309094
309095
309096
309097
309098
309099
309100
309101
309102
309103
309104
309105
309106
309107
309109
309110
309111
309112
309121
309122
309123
309124
309125
309126
309127
309128
309129
309130
309131
309132
309133
309134
309135
309136
309137
309138
309139
309140
309141
309142
309143
309144
309145
309146
309147
309148
309149
309150
309151
309152
309153
309154
309155
309156
309157
309158
309159
309160
309161
309162
309164
309165
309166
309167
309168
309169
309170
309171
309172
309173
309174
309175
309176
309179
309180
309181
309182
309183
309184
309185
309186
309187
309188
309189
309190
309191
309192
309193
309194
309196
309198
309200
309201
309202
309203
309204
309205
309206
309207
309208
309209
309210
309211
309212
309213
309215
309216
309217
309221
309222
309223
309224
309225
309226
309227
309228
309229
309230
309231
309232
309233
309235
309236
309237
309238
309239
309240
309241
309242
309243
309244
309246
309247
309250
309251
309252
309253
309254
309255
309256
309257
309258
309259
309260
309261
309262
309263
309264
309266
309267
309268
309269
309270
309271
309272
309273
309274
309275
309276
309277
309621
309622
309623
309624
309625
309626
309627
309628
309629
309630
309631
309632
309633
309634
309635
309637
309647
309648
309661
309662
309663
309664
309665
309666
309667
309668
309669
309670
309671
309682
309683
309685
309686
309687
309688
309689
309690
309691
309692
309693
309694
309695
309696
309697
309698
309699
309700
309701
309702
309703
309704
309705
309706
309707
309708
309709
309710
309711
309712
309713
309714
309715
309716
309717
309718
309719
309721
309722
309723
309724
309725
309726
309727
309728
309729
309730
309731
309732
309733
309734
309735
309736
309737
309738
309739
309740
309741
309742
309743
309744
309745
309746
309747
309748
309749
309750
309751
309752
309753
309754
309756
309757
309758
309759
309760
309761
309762
309763
309764
309765
309767
309768
309769
309770
309772
309773
309774
309777
309786
309787
309788
309789
309790
309791
309792
309793
309794
309795
309796
309797
309798
309799
309800
309801
309802
309825
309826
309827
309828
309829
309830
309831
309832
309833
309834
309835
309837
309838
309839
309840
309841
309842
309843
309845
309846
309847
309848
309849
309850
309851
309852
309853
309854
309855
309856
309857
309858
309859
309860
309861
309862
309863
309864
309865
309866
309867
309868
309869
309870
309871
309872
309873
309874
309875
309876
309877
309878
309879
309880
309881
309882
309883
309884
309886
309887
309888
309889
309890
309891
309892
309893
309894
309895
309896
309897
309898
309899
309900
309901
309902
309903
309904
309905
309906
309907
309908
309909
309910
309911
309912
309913
309914
309915
309916
309917
309918
309919
309920
309921
309922
309923
309924
309925
309926
309927
309928
309934
309948
309949
309951
309952
309953
309954
309955
309963
309964
309965
309966
309967
309968
309969
309970
309971
309972
309973
309974
309975
309976
309977
309978
309987
309988
309989
309990
309991
309992
309993
309994
309995
309996
309997
309998
309999
310000
310001
310003
310013
310014
310015
310016
310017
310018
310019
310020
310021
310022
310023
310024
310025
310026
310027
310028
310029
310030
310037
310038
310041
310042
310043
310044
310045
310046
310047
310048
310049
310052
310055
310056
310058
310059
310060
310061
310063
310064
310065
310066
310067
310068
310069
310070
310071
310072
310073
310074
310075
310076
310077
310078
310079
310080
310081
310082
310083
310084
310085
310086
310087
310088
310089
310090
310091
310092
310094
310095
310096
310104
310105
310106
310107
310108
310109
310110
310111
310112
310113
310114
310115
310116
310117
310118
310119
310120
310121
310122
310123
310124
310125
310126
310127
310128
310129
310130
310131
310132
310133
310134
310135
310136
310137
310151
310152
310154
310159
310160
310161
310162
310163
310164
310165
310166
310167
310168
310170
310171
310172
310173
310174
310175
310176
310177
310178
310188
310193
310194
310195
310196
310197
310198
310199
310200
310201
310203
310204
310205
310206
310207
310208
310209
310210
310215
310216
310217
310218
310219
310220
310221
310222
310223
310224
310225
310226
310227
310228
310229
310230
310231
310232
310233
310234
310235
310236
310237
310238
310240
310241
310242
310244
310245
310246
310247
310248
310249
310250
310251
310252
310253
310254
310255
310256
310257
310258
310259
310260
310261
310262
310263
310264
310265
310266
310267
310268
310269
310270
310271
310272
310274
310276
310278
310282
310327
310328
310329
310330
310331
310333
310334
310335
310336
310337
310338
310339
310343
310344
310345
310346
310347
310348
310349
310350
310351
310352
310353
310354
310355
310356
310357
310358
310359
310360
310361
310362
310363
310364
310365
310366
310367
310368
310369
310370
310371
310372
310373
310374
310375
310376
310377
310378
310379
310380
310381
310382
310383
310385
310386
310387
310388
310389
310390
310391
310392
310393
310409
310410
310411
310412
310416
310421
310422
310423
310424
310425
310426
310427
310428
310431
310432
310437
310438
310439
310441
310442
310443
310444
310445
310446
310447
310448
310450
310452
310453
310454
310455
310456
310457
310458
310459
310460
310462
310463
310464
310465
310466
310467
310468
310469
310470
310471
310472
310473
310474
310475
310477
310478
310479
310480
310481
310482
310483
310484
310485
310487
310488
310490
310491
310492
310493
310494
310495
310496
310497
310498
310499
310500
310501
310502
310503
310504
310505
310506
310507
310508
310509
310514
310515
310516
310517
310518
310519
310520
310521
310522
310523
310524
310525
310526
310527
310528
310529
310530
310531
310532
310533
310534
310535
310536
310537
310538
310539
310540
310541
310542
310543
310545
310546
310547
310548
310549
310550
310551
310552
310553
310554
310555
310556
310559
310560
310561
310562
310565
310566
310567
310568
310569
310570
310577
310578
310579
310580
310582
310583
310587
310588
310589
310593
310594
310595
310596
310597
310598
310599
310600
310601
310602
310603
310604
310607
310617
310618
310620
310621
310622
310623
310624
310625
310626
310627
310628
310629
310630
310631
310632
310633
310634
310635
310636
310637
310643
310646
310647
310648
310649
310650
310651
310652
310653
310654
310655
310656
310657
310658
310659
310660
310661
310662
310663
310664
310665
310666
310667
310668
310669
310670
310671
310672
310675
310676
310677
310678
310679
310680
310681
310682
310683
310684
310685
310686
310687
310688
310689
310690
310691
310692
310693
310694
310695
310696
310697
310698
310703
310704
310705
310706
310707
310708
310709
310710
310711
310712
310713
310715
310718
310719
310720
310721
310722
310723
310724
310725
310727
310728
310729
310730
310731
310732
310733
310734
310735
310736
310737
310738
310739
310740
310741
310742
310743
310744
310745
310746
310747
310748
310749
310750
310751
310752
310758
310760
310761
310762
310763
310764
310765
310766
310767
310768
310769
310770
310771
310772
310773
310774
310775
310776
310781
310783
310784
310785
310786
310787
310788
310789
310790
310791
310792
310793
310794
310795
310802
310807
310808
310809
310810
310811
310812
310813
310814
310816
310817
310824
310825
310826
310827
310828
310829
310830
310831
310832
310833
310834
310835
310836
310837
310846
310847
310848
310849
310850
310851
310852
310853
310854
310855
310857
310858
310859
310860
310861
310862
310863
310864
310865
310866
310867
310868
310869
310871
310872
310873
310874
310875
310876
310877
310878
310879
310880
310881
310882
310883
310884
310887
310888
310889
310890
310891
310892
310893
310894
310895
310896
310897
310899
310900
310901
310902
310903
310904
310905
310906
310907
310908
310909
310910
310911
310912
310913
310914
310915
310916
310917
310918
310919
310920
310921
310922
310923
310924
310925
310926
310927
310928
310929
310930
310943
310949
310950
310951
310952
310953
310971
310972
310973
310974
310975
310976
310977
310978
310979
310980
310981
310982
310991
310992
310993
310994
310998
310999
311000
311001
311002
311003
311004
311005
311006
311007
311012
311016
311018
311019
311020
311021
311022
311023
311024
311025
311026
311028
311029
311030
311031
311032
311033
311034
311035
311036
311037
311038
311039
311042
311043
311044
311045
311046
311047
311048
311051
311052
311053
311054
311055
311056
311057
311058
311059
311060
311061
311064
311067
311068
311069
311070
311071
311072
311073
311074
311075
311076
311077
311078
311080
311081
311082
311083
311084
311085
311086
311087
311088
311089
311092
311093
311094
311095
311097
311098
311099
311100
311101
311102
311103
311104
311105
311106
311107
311108
311109
311110
311111
311112
311113
311114
311115
311116
311117
311118
311120
311121
311122
311123
311124
311128
311129
311130
311132
311133
311134
311135
311136
311137
311138
311139
311140
311141
311142
311144
311145
311148
311149
311150
311151
311152
311153
311154
311155
311156
311157
311158
311159
311160
311161
311165
311166
311167
311168
311169
311170
311171
311172
311173
311174
311175
311176
311177
311178
311179
311182
311183
311184
311185
311186
311187
311189
311190
311191
311192
311226
311227
311228
311229
311230
311231
311234
311252
311253
311256
350004
350005
350006
350007
350008
350009
350010
350011
350012
350018
350020
350022
350023
350024
350025
350026
350028
350029
350030
350032
350035
350036
350037
350038
350039
350040
350041
350042
350043
350044
350045
350046
350047
350048
350049
350050
350051
350053
350054
350055
350056
350057
350058
350059
350060
350061
350062
350063
350064
350065
350066
350067
350068
350069
350070
350071
350073
350074
350075
350076
350077
350078
350079
350080
350081
350082
350083
350084
350085
350086
350087
350088
350089
350090
350091
350092
350093
350094
350095
350096
350097
350098
350099
350100
350101
350102
350103
350104
350105
350106
350109
350110
350111
350112
350113
350122
350123
350124
350125
350126
350127
350129
350134
350150
350151
350153
350154
350155
350156
350157
350158
350159
350160
350165
350166
350167
350168
350169
350170
350171
350172
350179
350180
350181
350182
350183
350184
350185
350186
350187
350188
350189
350190
350191
350192
350193
350194
350195
350196
350197
350201
350202
350203
350204
350205
350206
350207
350208
350209
350210
350211
350212
350213
350214
350215
350216
350217
350218
350219
350220
350221
350222
350223
350224
350225
350227
350228
350229
350230
350231
350232
350233
350234
350238
350241
350242
350246
350247
350248
350249
350250
350251
350252
350253
350254
350255
350256
350257
350258
350259
350260
350262
350263
350264
350265
350267
350268
350269
350270
350271
350272
350273
350274
350275
350276
350277
350278
350279
350280
350281
350282
350283
350284
350285
350286
350287
350288
350289
350290
350291
350292
350293
350294
350295
350296
350297
350298
350299
350300
350301
350302
350303
350304
350305
350306
350307
350310
350311
350316
350318
350319
350320
350321
350322
350323
350324
350325
350326
350327
350328
350329
350330
350331
350332
350333
350334
350335
350336
350337
350338
350339
350340
350341
350342
350343
350344
350345
350346
350347
350348
350349
350350
350351
350352
350353
350354
350355
350356
350357
350358
350359
350360
350361
350362
350363
350364
350365
350366
350367
350368
350369
350370
350371
350372
350373
350374
350375
350376
350377
350378
350381
350382
350385
350386
350387
350388
350389
350390
350391
350392
350393
350394
350395
350396
350397
350398
350399
350400
350401
350402
350403
350404
350405
350406
350407
350408
350409
350410
350411
350412
350413
350414
350415
350416
350417
350418
350419
350422
350423
350424
350425
350426
350427
350428
350429
350430
350431
350432
350433
350434
350435
350436
350437
350438
350439
350440
350441
350442
350443
350444
350445
350447
350448
350449
350450
350451
350452
350453
350454
350455
350457
350458
350459
350460
350461
350462
350463
350464
350465
350466
350467
350468
350469
350470
350471
350472
350473
350474
350475
350476
350477
350478
350479
350480
350481
350482
350483
350484
350485
350486
350487
350488
350489
350490
350491
350492
350493
350494
350495
350496
350497
350498
350499
350500
350501
350502
350503
350504
350505
350506
350508
350509
350510
350511
350512
350513
350514
350515
350516
350517
350518
350519
350521
350522
350523
350524
350525
350526
350527
350528
350529
350530
350534
350538
350539
350540
350541
350542
350543
350544
350545
350546
350547
350548
350549
350550
350551
350552
350553
350554
350555
350556
350557
350559
350560
350561
350562
350563
350564
350565
350566
350567
350568
350569
350570
350573
350574
350575
350576
350577
350578
350579
350580
350581
350582
350583
350584
350800
350801
350802
350803
350804
350805
350806
350807
350808
350809
350810
350811
350812
350813
350818
350819
350820
350821
350822
350823
350825
350826
350827
350828
350829
350830
350831
350832
350833
350834
350835
350836
350837
350838
350839
350840
350841
350842
350843
350844
350845
350846
350847
350848
350849
350850
350851
350852
350853
350854
350855
350856
350857
350858
350859
350860
350861
350862
350863
350864
350865
350866
350867
350868
350869
350870
350871
350872
350873
350874
350875
350876
350877
350878
350879
350880
350881
350882
350883
350884
350885
350886
350887
350888
350889
350890
350891
350892
350893
350895
350896
350897
350898
350899
350900
350901
350902
350906
350907
350908
350909
350910
350911
350912
350913
350914
350915
350916
350917
350918
350919
350920
350921
350922
350923
350924
350925
350926
350927
350928
350929
350930
350931
350932
350933
350934
350935
350936
350937
350938
350939
350940
350941
350942
350943
350944
350949
350950
350951
350952
350953
350954
350955
350956
350957
350958
350959
350960
350961
350962
350963
350966
350967
350972
350973
350974
350975
350976
350977
350978
350979
350980
350981
350982
350983
350984
350986
350987
350988
350989
350990
350991
350992
350993
350994
350995
350997
350998
350999
351000
351001
351005
351006
351007
351008
351009
351010
351011
351014
351015
351016
351017
351018
351019
351020
351021
351022
351023
351024
351025
351026
351027
351028
351029
351030
351031
351032
351033
351034
351035
351036
351037
351038
351039
351040
351041
351042
351043
351044
351045
351046
351047
351048
351049
351050
351051
351052
351053
351054
351056
351057
351058
351059
351060
351061
351062
351063
351064
351065
351066
351067
351068
351069
351070
351071
351072
351073
351074
351075
351076
351077
351078
351079
351080
351081
351082
351083
351084
351085
351086
351087
351088
351089
351090
351091
351092
351093
351094
351095
351096
351097
351098
351099
351100
351101
351102
351103
351104
351105
351106
351107
351108
351109
351110
351111
351112
351113
351114
351115
351116
351117
351118
351119
351121
351122
351123
351124
351125
351126
351131
351132
351133
351134
351135
351136
351137
351138
351139
351140
351141
351142
351143
351144
351145
351146
351147
351148
351149
351150
351151
351152
351153
351154
351155
351156
351157
351158
351159
351160
351161
351162
351163
351164
351165
351166
351167
351168
351169
351170
351172
351173
351174
351175
351176
351177
351178
351179
351180
351181
351182
351183
351184
351185
351186
351187
351188
351189
351190
351191
351192
351193
351196
351197
351198
351199
351200
351201
351202
351203
351204
351205
351206
351207
351208
351209
351210
351212
351213
351214
351215
351216
351217
351218
351219
351220
351222
351223
351224
351225
351226
351227
351234
351235
351236
351237
351238
351239
351240
351241
351242
351243
351244
351245
351246
351247
351248
351249
351250
351251
351252
351253
351254
351255
351256
351257
351258
351259
351260
351261
351262
351263
351264
351265
351266
351267
351268
351269
351270
351272
351273
351274
351275
351276
351277
351278
351279
351280
351281
351282
351283
351284
351285
351287
351288
351289
351290
351291
351292
351293
351294
351295
351296
351297
351298
351299
351300
351301
351302
351303
351305
351306
351307
351308
351309
351310
351311
351312
351313
351314
351315
351324
351325
351326
351327
351328
351329
351332
351333
351334
351335
351336
351337
351338
351339
351340
351341
351342
351343
351344
351345
351357
351358
351359
351360
351361
351362
351363
351364
351365
351366
351367
351368
351369
351370
351371
351372
351373
351374
351375
351376
351377
351378
351379
351381
351382
351383
351384
351385
351386
351387
351388
351389
351390
351391
351393
351394
351395
351396
351397
351398
351399
351400
351401
351425
351428
351429
351430
351431
351432
351433
351435
351436
351437
351438
351439
351440
351441
351442
351443
351444
351445
351450
351451
351452
351453
351454
351455
351459
351460
351461
351462
351463
351464
351465
351466
351467
351468
351470
351471
351474
351475
351476
351477
351478
351479
351480
351481
351482
351483
351484
351485
351486
351488
351489
351490
351491
351494
351497
351498
351499
351500
351501
351502
351503
351504
351505
351506
351507
351508
351509
351510
351511
351512
351513
351514
351515
351516
351517
351518
351520
351521
351522
351523
351524
351525
351527
351528
351529
351530
351531
351532
351534
351535
351536
351537
351538
351539
351540
351541
351542
351543
351544
351545
351546
351547
351548
351549
351550
351551
351554
351555
351556
351557
351558
351559
351560
351561
351562
351563
351564
351565
351566
351567
351568
351569
351570
351571
351572
351573
351574
351575
351576
351577
351578
351579
351580
351581
351582
351583
351588
351589
351590
351591
351592
351593
351594
351595
351596
351597
351598
351599
351600
351601
351602
351603
351604
351605
351606
351607
351608
351609
351610
351611
351612
351613
351614
351615
351616
351617
351618
351619
351620
351624
351625
351626
351627
351628
351629
351630
351631
351632
351633
351634
351635
351636
351637
351638
351639
351640
351641
351642
351643
351644
351654
351655
351656
351657
351658
351659
351660
351661
351664
351675
351676
351677
351678
351679
351680
351682
351683
351684
351685
351686
351687
351688
351689
351690
351691
351692
351693
351694
351695
351696
351697
351698
351699
351703
351710
351720
351726
351727
351728
351729
351730
351731
351732
351733
351734
351735
351736
351737
351738
351739
351740
351741
351742
351743
351744
351745
351746
351747
351748
351749
351750
351754
351755
351756
351757
351758
351759
351760
351761
351762
351763
351764
351765
351766
351767
351768
351769
351770
351771
351772
351773
351774
351775
351776
351777
351778
351779
351780
351781
351782
351783
351784
351785
351786
351787
351788
351789
351790
351795
351796
351797
351801
351804
351805
351806
351807
351808
351809
351810
351811
351812
351813
351814
351815
351816
351817
351818
351819
351820
351821
351822
351823
351830
351831
351832
351845
351999
352001
352003
352004
352005
352006
352007
352008
352009
352010
352011
352012
352013
352014
352025
352033
352034
352035
352042
352043
352046
352047
352048
352049
352054
352055
352056
352057
352058
352059
352071
352076
352092
352093
352094
352095
352096
352097
352098
352102
352106
352109
352112
352114
352115
352117
352123
352124
352126
352127
352128
352129
352130
352133
352135
352136
352137
352138
352139
352140
352141
352142
352143
352144
352145
352146
352147
352148
352149
352150
352151
352152
352153
352154
352155
352156
352157
352158
352159
352160
352161
352162
352163
352164
352165
352166
352167
352168
352169
352170
352171
352172
352173
352174
352175
352176
352177
352181
352182
352183
352185
352186
352187
352188
352189
352190
352191
352192
352193
352195
352196
352197
352198
352199
352200
352201
352202
352203
352204
352205
352206
352207
352208
352209
352212
352214
352215
352216
352219
352220
352221
352222
352223
352225
352227
352229
352230
352231
352232
352233
352234
352235
352236
352237
352238
352239
352244
352245
352246
352247
352248
352253
352254
352255
352256
352258
352261
352262
352263
352264
352275
352276
352280
352285
352286
352287
352289
352290
352292
352293
352294
352295
352296
352297
352299
352300
352301
352307
352308
352310
352311
352312
352314
352315
352316
352317
352318
352320
352321
352322
352326
352328
352329
352330
352331
352332
352334
352335
352336
352337
352338
352339
352341
352342
352343
352344
352345
352346
352347
352348
352349
352350
352351
352352
352353
352354
352355
352356
352357
352358
352359
352360
352361
352362
352363
352364
352365
352366
352367
352368
352369
352371
352372
352373
352374
352375
352376
352377
352379
352380
352381
352382
352383
352384
352385
352386
352387
352388
352389
352390
352391
352392
352393
352394
352395
352396
352397
352398
352399
352400
352401
352402
352403
352404
352405
352406
352407
352408
352409
352410
352411
352412
352413
352414
352415
352416
352418
352419
352420
352421
352422
352424
352427
352428
352429
352430
352431
352440
352441
352442
352443
352444
352449
352450
352451
352452
352453
352454
352455
352457
352458
352459
352460
352461
352462
352463
352464
352465
352466
352467
352468
352469
352470
352471
352472
352473
352474
352475
352476
352477
352478
352479
352480
352481
352482
352483
352484
352485
352487
352491
352492
352494
352495
352496
352497
352498
352499
352500
352501
352502
352503
352504
352505
352506
352507
352508
352509
352510
352511
352513
352517
352518
352519
352520
352521
352522
352523
352524
352593
352595
352596
352597
352598
352599
352600
352601
352602
352604
352607
352608
352609
352610
352611
352612
352613
352614
352615
352616
352673
352674
352677
352678
352679
352680
352681
352682
352683
352685
352686
352687
352688
352689
352690
352691
352692
352694
352695
352696
352700
352701
352702
352703
352704
352705
352706
352707
352708
352709
352710
352711
352712
352713
352714
352717
352720
352721
352722
352723
352724
352725
352726
352727
352728
352729
352730
352731
352732
352733
352734
352744
352747
352749
352751
352753
352759
352760
352764
352765
352766
352767
352768
352769
352770
352771
352772
352773
352774
352775
352776
352777
352778
352779
352780
352781
352782
352783
352784
352785
352849
352850
352856
352857
352858
352859
352869
352870
352871
352872
352873
352874
352875
352876
352877
352878
352879
352880
352881
352882
352883
352884
352885
352886
352887
352888
352889
352890
352891
352892
352893
352894
352895
352896
352897
352898
352899
352900
352901
352903
352904
352905
352906
352907
352908
352909
352913
352914
352915
352916
352917
352918
352919
352920
352921
352923
352924
352925
352926
352927
352928
352929
352930
352931
353028
353029
353030
353031
353081
353082
353083
353084
353085
353086
353089
353091
353092
353098
353101
353102
353104
353105
353400
353401
353402
353403
353404
353405
353406
353414
353415
353416
353417
353418
353419
353449
353460
353461
353462
353463
353464
353465
353466
353467
353469
353470
353471
353476
353477
353478
353479
353481
353482
353483
353485
353492
353493
353494
353495
353496
353501
353504
353505
353515
353516
353517
353518
353519
353520
353521
353526
353530
353534
353536
353537
353538
353542
353543
353544
353545
353546
353547
353548
353555
353556
353557
353558
353559
353560
353566
353567
353568
353569
353570
353574
353575
353576
353577
353578
353579
353580
353581
353582
353583
353584
353585
353587
353588
353589
353590
353591
353592
353593
353594
353595
353596
353597
353598
353599
353600
353601
353602
353603
353604
353608
353609
353610
353611
353612
353613
353614
353615
353624
353625
353630
353631
353632
353633
353634
353635
353636
353637
353640
353641
353642
353643
353644
353645
353667
353668
353669
353670
353671
353672
353673
353674
353675
353676
353677
353678
353679
353680
353682
353683
353684
353696
353697
353698
353699
353700
353701
353702
353703
353704
353705
353706
353707
353708
353709
353710
353711
353712
353719
353722
353723
353725
353726
353727
353728
353729
353730
353731
353732
353740
353741
353742
353743
353745
353746
353747
353748
353754
353755
353756
353758
353759
353760
353761
353762
353763
353765
353766
353767
353769
353770
353771
353772
353774
353775
353776
353777
353778
353779
353780
353781
353784
353785
353786
353787
353789
353790
353791
353792
353793
353794
353795
353796
353797
353798
353799
353800
353801
353802
353803
353804
353805
353806
353807
353808
353809
353810
353814
353815
353816
353817
353818
353819
353820
353821
353822
353824
353825
353826
353827
353829
353830
353831
353832
353833
353834
353850
353851
353852
353854
353855
353856
353857
353858
353859
353860
353864
353865
353866
353867
353868
353869
353870
353871
353872
353873
353877
353878
353879
353880
353881
353882
353883
353884
353885
353886
353887
353888
353889
353890
353891
353892
353893
353894
353895
353896
353906
353907
353912
353913
353914
353915
353916
353917
353918
353919
353920
353922
353923
353924
353925
353926
353927
353928
353929
353930
353931
353932
353933
353934
353935
353936
353937
353938
353939
353940
353941
353942
353943
353944
353946
353947
353948
353949
353950
353951
353952
353953
353954
353958
353959
353961
353962
353963
353964
353965
353966
353967
353972
353973
353974
353975
353976
353977
353978
353979
353980
353981
353982
353983
353984
353985
353986
353987
353988
353989
353990
353991
353992
353993
353994
353995
353996
353997
353998
353999
354000
354001
354002
354003
354004
354006
354007
354008
354009
354010
354011
354014
354020
354025
354026
354032
354033
354034
354054
354055
354056
354057
354058
354061
354062
354063
354064
354065
354066
354067
354071
354072
354077
354078
354079
354080
354081
354082
354083
354084
354085
354086
354087
354088
354089
354094
354095
354096
354097
354099
354100
354101
354102
354103
354104
354105
354106
354107
354108
354109
354110
354111
354112
354113
354114
354115
354116
354117
354118
354119
354120
354121
354122
354123
354125
354126
354127
354128
354129
354130
354131
354132
354133
354134
354135
354136
354137
354138
354139
354140
354141
354142
354143
354149
354150
354347
354348
354349
354350
354351
354444
354445
354446
354447
354448
354449
354450
354451
354452
354453
354454
354455
354456
354457
354458
354502
354503
354505
354506
354507
354508
354509
354510
354518
354588
354589
354590
354591
354782
354783
354784
354785
354786
354787
354788
354789
354790
354791
354792
354793
354794
354795
354797
354798
354799
354800
354801
354802
354803
354804
354805
354806
354807
354808
354809
354811
354812
354813
354814
354815
354816
354817
354818
354819
354820
354821
354822
354823
354824
354825
354826
354827
354828
354829
354830
354831
354832
354833
354834
354835
354836
354837
354838
354839
354840
354841
354842
354843
354844
354848
354849
354850
354852
354853
354861
354868
354871
354872
354873
354874
354875
354876
354877
354878
354879
354880
354881
354882
354883
354884
354885
354886
354887
354888
354890
354891
354892
354893
354894
354895
354896
354897
354898
354899
354900
354901
354903
354904
354905
354906
354907
354908
354913
354914
354915
354917
354919
354922
354925
354926
354929
354930
354931
354934
354935
354936
354937
354938
354939
354942
354943
354944
354945
354946
354947
354948
354949
354950
354951
354952
354953
354956
354957
354958
354959
354960
354961
354962
354963
354964
354965
354966
354967
354971
354972
354973
354974
354975
354977
354989
354990
354991
354992
354995
354996
354997
355008
355009
355010
355011
355012
355013
355014
355015
355016
355018
355019
355020
355021
355022
355023
355025
355026
355027
355028
355029
355030
355031
355032
355033
355034
355035
355038
355039
355040
355043
355044
355045
355046
355047
355048
355049
355050
355053
355054
355055
355057
355058
355059
355060
355061
355062
355063
355064
355065
355070
355071
355072
355073
355074
355075
355078
355081
355082
355083
355084
355085
355086
355087
355088
355089
355090
355091
355092
355093
355094
355095
355096
355097
355098
355099
355100
355101
355102
355103
355104
355105
355110
355111
355112
355113
355114
355115
355116
355121
355122
355125
355126
355127
355128
355129
355130
355131
355132
355133
355134
355135
355136
355137
355138
355139
355140
355149
355151
355152
355153
355154
355155
355156
355157
355158
355159
355160
355161
355162
355163
355164
355170
355171
355172
355173
355174
355175
355176
355177
355178
355179
355180
355181
355182
355183
355184
355185
355186
355187
355188
355189
355190
355192
355193
355196
355197
355198
355199
355200
355201
355202
355203
355204
355205
355206
355207
355208
355210
355478
355484
355485
355488
355489
355490
355491
355492
355493
355494
355495
355496
355497
355498
355499
355500
355501
355506
355507
355508
355509
355510
355511
355512
355513
355515
355516
355517
355518
355519
355520
355521
355522
355523
355524
355525
355526
355527
355528
355529
355530
355531
355532
355533
355534
355535
355536
355537
355538
355539
355540
355541
355542
355543
355544
355545
355546
355547
355548
355549
355550
355551
355552
355553
355554
355555
355556
355559
355560
355561
355562
355563
355564
355565
355566
355567
355568
355569
355570
355571
355572
355574
355575
355576
355577
355578
355579
355580
355581
355582
355583
355584
355585
355586
355587
355588
355589
355590
355593
355594
355595
355596
355597
355598
355599
355600
355603
355604
355605
355606
355609
355610
355611
355612
355613
355614
355616
355617
355618
355619
355620
355621
355627
355628
355629
355630
355631
355632
355633
355634
355636
355637
355638
355641
355642
355643
355644
355645
355646
355647
355648
355649
355650
355651
355652
355653
355654
355655
355656
355657
355658
355659
355660
355661
355662
355663
355664
355665
355666
355667
355668
355669
355670
355671
355672
355673
355674
355675
355676
355677
355678
355679
355680
355681
355682
355700
355701
355702
355703
355704
355705
355706
355707
355708
355709
355710
355711
355712
355713
355714
355715
355716
355717
355718
355719
355720
355721
355722
355723
355724
355726
355727
355728
355729
355731
355732
355733
355734
355735
355736
355737
355738
355739
355740
355741
355742
355743
355745
355748
355749
355750
355751
355757
355758
355759
355760
355761
355762
355763
355764
355765
355766
355767
355768
355769
355770
355771
355772
355773
355774
355775
355777
355779
355780
355781
355782
355783
355784
355785
355786
355791
355792
355793
355794
355795
355796
355797
355798
355799
355800
355801
355802
355803
355804
355805
355806
355807
355808
355809
355810
355811
355812
355813
355814
355815
355816
355817
355818
355819
355820
355821
355822
355823
355824
355825
355826
355827
355829
355830
355831
355832
355833
355834
355835
355836
355837
355838
355839
355840
355841
355842
355843
355844
355845
355846
355847
355848
355849
355850
355851
355852
355854
355855
355856
355857
355858
355859
355860
355861
355862
355863
355864
355865
355866
355867
355868
355869
355870
355871
355872
355873
355874
355875
355876
355878
355879
355881
355882
355883
355885
355886
355888
355889
355890
355891
355892
355896
355897
355898
355906
355907
355908
355909
355910
355912
355916
355917
355918
355919
355920
355921
355922
355924
355925
355926
355927
355932
355933
355936
355939
355940
355941
355942
355943
355945
355946
355947
355948
355949
355950
355951
355952
355953
355954
355955
355956
355957
355958
355959
355960
355961
355962
355963
355964
355965
355966
355967
355968
355969
355970
355971
355972
355973
355974
355975
355976
355977
355978
355979
355980
355981
355982
355983
355984
355985
355986
355987
355988
355989
355990
355991
355992
355993
355994
355995
355996
355997
355998
355999
356000
356014
356015
356016
356017
356018
356019
356020
356021
356022
356023
356024
356025
356026
356027
356028
356029
356030
356031
356032
356033
356034
356035
356041
356042
356058
356059
356060
356061
356062
356063
356064
356065
356066
356067
356068
356069
356070
356071
356073
356074
356075
356076
356077
356078
356080
356081
356082
356083
356084
356085
356086
356087
356088
356089
356090
356091
356092
356093
356094
356095
356096
356102
356103
356104
356105
356106
356107
356114
356115
356116
356117
356118
356119
356120
356121
356122
356123
356124
356125
356126
356127
356128
356129
356130
356131
356132
356133
356134
356135
356136
356137
356138
356139
356140
356141
356142
356143
356144
356145
356146
356148
356149
356150
356151
356152
356153
356154
356155
356156
356157
356158
356159
356160
356161
356162
356163
356164
356165
356166
356167
356168
356169
356170
356171
356172
356173
356174
356175
356176
356177
356178
356179
356181
356185
356186
356187
356188
356189
356190
356191
356192
356193
356194
356195
356196
356197
356207
356208
356209
356210
356211
356212
356213
356214
356215
356216
356217
356218
356219
356220
356221
356222
356225
356226
356227
356228
356229
356230
356231
356232
356233
356241
356242
356243
356244
356245
356246
356247
356248
356249
356250
356251
356252
356253
356254
356255
356256
356257
356258
356259
356260
356261
356262
356263
356264
356265
356266
356269
356270
356271
356272
356277
356278
356282
356283
356284
356285
356286
356287
356288
356289
356290
356291
356292
356293
356294
356295
356296
356297
356298
356299
356300
356301
356302
356303
356304
356305
356306
356307
356308
356309
356315
356316
356327
356333
356334
356335
356336
356337
356338
356339
356340
356341
356342
356343
356344
356345
356346
356347
356348
356349
356350
356352
356353
356356
356357
356358
356359
356360
356361
356362
356363
356364
356365
356366
356367
356368
356369
356370
356371
356372
356373
356374
356375
356376
356377
356378
356379
356380
356381
356382
356383
356384
356385
356386
356391
356392
356394
356395
356396
356397
356398
356399
356401
356402
356403
356404
356406
356407
356408
356409
356410
356411
356412
356413
356417
356418
356419
356420
356421
356422
356423
356424
356425
356438
356441
356442
356444
356445
356446
356447
356448
356451
356452
356453
356473
356482
356483
356484
356486
356487
356488
356489
356490
356491
356498
356499
356500
356501
356518
356523
356524
356525
356526
356527
356528
356529
356530
356531
356532
356533
356534
356535
356536
356537
356538
356539
356540
356541
356542
356543
356546
356547
356548
356549
356550
356551
356552
356553
356554
356556
356557
356558
356559
356560
356561
356562
356563
356564
356565
356566
356567
356568
356569
356570
356571
356572
356574
356575
356577
356578
356579
356580
356581
356582
356583
356584
356585
356586
356587
356588
356589
356590
356591
356592
356593
356594
356595
356596
356597
356598
356599
356600
356601
356602
356603
356604
356605
356606
356607
356608
356609
356610
356611
356612
356613
356614
356615
356616
356617
356619
356904
356905
356906
356907
356908
356909
356910
356911
356916
356917
356918
356919
356920
356921
356922
356923
356924
356925
356926
356927
356928
356929
356930
356931
356935
356936
356937
356938
356939
356940
356941
356942
356943
356944
356945
356946
356947
356948
356949
356950
356951
356952
356953
356954
356955
356956
356957
356958
356959
356961
356962
356963
356964
356965
356967
356968
356969
356970
356971
356972
356973
356974
356975
356976
356977
356981
356983
356984
356985
356986
356987
356988
356989
356990
356991
356992
356993
356994
356995
356996
356997
356998
356999
357000
357001
357002
357003
357004
357005
357006
357007
357008
357015
357016
357017
357018
357019
357020
357021
357031
357032
357033
357034
357035
357036
357037
357038
357046
357047
357048
357049
357050
357051
357053
357054
357055
357056
357057
357058
357059
357060
357061
357062
357063
357064
357067
357068
357069
357070
357071
357072
357073
357074
357075
357076
357077
357078
357079
357080
357081
357082
357083
357085
357086
357087
357088
357089
357093
357094
357095
357096
357097
357098
357099
357100
357101
357102
357103
357104
357105
357106
357107
357108
357109
357110
357111
357112
357113
357114
357115
357116
357117
357118
357119
357120
357121
357122
357123
357125
357126
357127
357128
357129
357130
357132
357134
357135
357136
357137
357138
357139
357140
357141
357142
357143
357144
357145
357146
357147
357148
357149
357150
357151
357152
357153
357154
357155
357156
357157
357158
357159
357160
357161
357166
357167
357168
357169
357170
357171
357172
357173
357174
357175
357176
357177
357178
357179
357181
357182
357183
357184
357185
357186
357187
357188
357189
357190
357191
357192
357193
357194
357195
357196
357197
357198
357199
357200
357201
357202
357203
357207
357220
357221
357222
357223
357224
357225
357226
357227
357228
357229
357230
357231
357232
357234
357235
357236
357240
357243
357245
357247
357248
357249
357251
357252
357263
357264
357265
357266
357267
357268
357269
357270
357271
357272
357273
357274
357276
357278
357279
357280
357281
357282
357283
357284
357285
357286
357287
357288
357289
357290
357291
357292
357294
357311
357312
357313
357314
357315
357316
357317
357318
357319
357320
357321
357322
357323
357324
357325
357326
357327
357328
357329
357330
357331
357332
357333
357334
357335
357337
357338
357339
357340
357341
357342
357343
357344
357345
357346
357347
357348
357349
357350
357351
357352
357353
357354
357355
357356
357357
357358
357359
357360
357361
357362
357363
357364
357365
357366
357367
357368
357369
357370
357371
357379
357380
357381
357382
357383
357384
357387
357388
357389
357390
357391
357392
357393
357394
357395
357396
357397
357398
357399
357400
357401
357402
357404
357405
357406
357407
357412
357415
357416
357417
357418
357419
357420
357426
357429
357430
357431
357478
357479
357480
357481
357482
357483
357484
357485
357486
357487
357488
357489
357497
357498
357499
357501
357502
357504
357506
357507
357508
357509
357510
357511
357512
357513
357514
357515
357516
357517
357518
357519
357520
357521
357522
357523
357524
357525
357526
357536
357537
357538
357539
357540
357541
357544
357545
357546
357547
357548
357550
357551
357552
357553
357554
357555
357571
357573
357574
357575
357576
357577
357578
357579
357580
357581
357582
357583
357584
357585
357586
357587
357595
357596
357597
357598
357599
357600
357601
357602
357603
357604
357605
357606
357607
357608
357609
357610
357611
357612
357613
357614
357615
357616
357617
357618
357619
357620
357621
357622
357623
357624
357625
357626
357627
357628
357629
357630
357631
357632
357633
357634
357635
357636
357637
357638
357639
357640
357641
357642
357643
357644
357645
357646
357647
357648
357649
357650
357651
357652
357654
357655
357656
357657
357658
357659
357660
357662
357674
357675
357676
357680
357681
357683
357684
357685
357686
357687
357688
357689
357690
357691
357692
357693
357694
357695
357696
357699
357701
357702
357703
357704
357707
357712
357730
357731
357739
357740
357741
357742
357743
357744
357745
357746
357748
357749
357750
357751
357752
357753
357754
357755
357756
357757
357758
357760
357761
357762
357763
357764
357765
357766
357778
357779
357780
357781
357782
357783
357784
357785
357786
357787
357788
357789
357790
357791
357792
357793
357794
357795
357796
357797
357798
357800
357801
357803
357804
357805
357806
357807
357810
357811
357812
357813
357814
357815
357816
357817
357821
357822
357823
357824
357825
357826
357827
357828
357829
357830
357831
357832
357833
357834
357835
357836
357837
357838
357839
357840
357841
357843
357844
357845
357846
357847
357848
357849
357850
357851
357852
357853
357854
357855
357856
357857
357858
357859
357860
357861
357862
357863
357867
357868
357869
357873
357874
357875
357876
357877
357878
357879
357880
357881
357882
357883
357884
357885
357886
357887
357888
357889
357890
357891
357892
357893
357894
357895
357896
357897
357898
357899
357900
357901
357902
357903
357904
357905
357906
357907
357908
357909
357910
357911
357912
357913
357914
357915
357917
357924
357925
357926
357927
357928
357929
357930
357931
357932
357933
357934
357935
357936
357937
357940
357941
357945
357946
357949
357950
357951
357952
357953
357954
357955
357956
357963
357964
357965
357966
357967
357968
357969
357970
357971
357972
357975
357976
357977
357978
357979
357980
357981
357982
357983
357984
357985
357986
357987
357988
357989
357990
357991
357992
357993
357994
357995
357996
357997
357998
357999
358000
358001
358002
358003
358004
358005
358006
358007
358008
358009
358010
358011
358012
358013
358014
358015
358016
358017
358018
358022
358023
358025
358026
358027
358028
358029
358030
358031
358032
358033
358034
358035
358036
358037
358038
358039
358041
358042
358043
358044
358045
358046
358047
358048
358049
358050
358051
358052
358053
358054
358055
358056
358058
358059
358060
358061
358062
358063
358064
358065
358066
358067
358068
358069
358070
358071
358072
358084
358085
358086
358087
358088
358089
358090
358091
358092
358093
358098
358099
358108
358109
358110
358111
358112
358118
358121
358122
358123
358124
358125
358126
358127
358128
358129
358130
358131
358132
358133
358134
358135
358136
358137
358138
358139
358140
358143
358146
358148
358149
358150
358151
358152
358153
358154
358155
358156
358157
358158
358159
358160
358161
358162
358163
358164
358165
358166
358167
358168
358169
358170
358171
358173
358174
358175
358176
358177
358178
358179
358180
358181
358182
358183
358184
358185
358186
358187
358188
358189
358190
358191
358192
358205
358206
358207
358208
358209
358210
358211
358212
358213
358214
358215
358216
358217
358218
358219
358220
358229
358232
358233
358234
358235
358237
358238
358239
358240
358241
358242
358245
358246
358247
358251
358253
358254
358255
358256
358257
358258
358259
358260
358261
358262
358263
358264
358265
358266
358267
358270
358271
358272
358276
358277
358278
358288
358289
358290
358291
358292
358293
358296
358300
358301
358302
358303
358304
358305
358306
358307
358311
358312
358313
358314
358316
358317
358328
358329
358330
358331
358332
358333
358334
358335
358336
358337
358338
358339
358340
358341
358342
358344
358345
358346
358347
358348
358349
358350
358351
358352
358353
358354
358355
358356
358357
358358
358359
358360
358361
358362
358363
358364
358365
358366
358367
358368
358369
358370
358371
358372
358373
358374
358375
358376
358377
358378
358379
358380
358381
358382
358383
358384
358385
358386
358387
358388
358389
358390
358391
358392
358393
358394
358395
358396
358397
358398
358399
358400
358401
358402
358403
358404
358405
358406
358407
358408
358409
358410
358411
358412
358413
358414
358415
358416
358417
358418
358419
358420
358423
358424
358425
358426
358427
358428
358429
358430
358431
358432
358433
358434
358435
358436
358438
358439
358454
358464
358469
358470
358471
358472
358473
358474
358475
358476
358477
358478
358480
358481
358483
358496
358497
358498
358499
358500
358501
358502
358503
358504
358506
358507
358508
358509
358510
358516
358526
358527
358528
358529
358530
358531
358532
358533
358534
358535
358536
358537
358538
358539
358540
358541
358542
358543
358544
358545
358546
358547
358548
358549
358550
358551
358552
358553
358554
358555
358556
358557
358558
358559
358560
358561
358562
358563
358564
358565
358566
358567
358568
358569
358570
358571
358572
358573
358574
358575
358576
358577
358578
358579
358580
358581
358582
358583
358584
358585
358586
358587
358589
358590
358591
358592
358593
358594
358595
358596
358597
358598
358599
358600
358601
358602
358603
358604
358605
358606
358607
358608
358609
358610
358611
358612
358613
358614
358615
358616
358617
358618
358619
358620
358621
358622
358623
358624
358625
358626
358627
358628
358629
358630
358631
358632
358638
358639
358857
358858
358860
358861
358862
358863
358864
358865
358866
358867
358874
358876
358880
358881
358882
358883
358884
358885
358886
358887
358888
358889
358890
358891
358892
358893
358894
358895
358896
358897
358898
358899
358900
358901
358902
358903
358904
358905
358906
358907
358908
358909
358910
358911
358912
358913
358914
358915
358916
358917
358918
358920
358921
358922
358923
358924
358925
358926
358927
358930
358931
358932
358933
358935
358936
358937
358938
358939
358940
358941
358942
358943
358944
358945
358946
358947
358948
358949
358950
358951
358952
358953
358954
358955
358956
358957
358958
358959
358960
358961
358962
358963
358964
358965
358966
358967
358968
358969
358970
358971
358972
358973
358974
358975
358976
358977
358978
358979
358980
358981
358982
358984
358985
358986
358987
358988
358989
358990
358991
358992
358993
358994
358995
358996
358997
358998
358999
359003
359004
359005
359006
359007
359008
359009
359010
359011
359012
359013
359014
359015
359016
359017
359018
359024
359025
359026
359027
359028
359047
359048
359049
359050
359051
359052
359053
359054
359055
359056
359057
359058
359059
359060
359061
359062
359063
359064
359065
359066
359075
359076
359077
359078
359079
359080
359081
359088
359089
359090
359091
359092
359093
359094
359095
359096
359097
359098
359099
359100
359101
359102
359103
359104
359105
359106
359107
359108
359109
359110
359113
359114
359115
359116
359117
359118
359119
359120
359121
359122
359123
359124
359125
359126
359127
359128
359129
359130
359131
359132
359133
359134
359135
359136
359137
359138
359139
359140
359141
359142
359144
359145
359146
359148
359149
359150
359151
359152
359153
359154
359155
359156
359157
359158
359159
359160
359161
359162
359163
359164
359165
359166
359167
359168
359169
359170
359171
359172
359173
359174
359175
359176
359177
359178
359179
359180
359181
359182
359183
359185
359186
359187
359188
359189
359190
359192
359193
359194
359195
359196
359197
359198
359199
359200
359201
359202
359203
359204
359205
359206
359207
359215
359224
359225
359226
359227
359228
359229
359230
359231
359232
359233
359234
359236
359237
359238
359239
359240
359248
359249
359250
359251
359252
359253
359254
359255
359256
359257
359258
359259
359260
359261
359262
359263
359264
359270
359272
359273
359274
359275
359276
359277
359278
359279
359280
359281
359282
359283
359284
359288
359289
359290
359292
359293
359294
359295
359296
359297
359298
359299
359300
359301
359302
359303
359304
359305
359306
359307
359308
359309
359310
359311
359312
359313
359314
359315
359316
359317
359318
359319
359320
359321
359322
359323
359324
359325
359326
359327
359328
359329
359330
359331
359332
359333
359334
359335
359336
359337
359338
359339
359340
359341
359342
359343
359344
359345
359346
359347
359348
359351
359352
359353
359354
359355
359356
359357
359358
359359
359360
359361
359362
359363
359364
359365
359366
359367
359369
359370
359371
359372
359373
359374
359375
359376
359377
359380
359381
359382
359383
359384
359385
359386
359387
359388
359389
359390
359391
359392
359393
359394
359400
359401
359402
359404
359405
359406
359407
359408
359409
359410
359411
359412
359413
359414
359415
359424
359425
359426
359427
359428
359429
359430
359431
359432
359433
359434
359435
359436
359437
359438
359439
359440
359441
359442
359443
359444
359445
359446
359447
359448
359449
359454
359455
359456
359457
359458
359459
359460
359461
359462
359463
359465
359466
359467
359468
359469
359470
359471
359472
359473
359474
359475
359476
359477
359478
359479
359480
359481
359482
359483
359484
359485
359486
359487
359488
359489
359490
359491
359492
359493
359494
359495
359496
359497
359498
359499
359503
359504
359505
359506
359507
359508
359509
359510
359511
359512
359513
359514
359515
359516
359517
359518
359519
359520
359521
359522
359523
359524
359525
359526
359527
359528
359529
359530
359531
359532
359533
359534
359535
359536
359537
359538
359540
359542
359543
359544
359545
359546
359547
359548
359549
359550
359561
359562
359563
359564
359565
359566
359567
359568
359569
359570
359571
359572
359573
359574
359575
359582
359583
359584
359585
359586
359587
359588
359589
359590
359591
359592
359593
359594
359595
359596
359597
359598
359599
359600
359602
359603
359604
359605
359606
359607
359615
359616
359617
359619
359620
359621
359622
359623
359624
359625
359626
359627
359628
359629
359630
359631
359632
359633
359634
359635
359636
359637
359638
359639
359640
359641
359642
359643
359644
359645
359646
359647
359648
359649
359650
359651
359652
359653
359654
359655
359656
359657
359658
359659
359660
359663
359664
359665
359669
359670
359671
359672
359673
359674
359675
359676
359677
359678
359679
359680
359681
359682
359683
359684
359685
359686
359687
359688
359689
359690
359692
359693
359694
359695
359697
359698
359699
359700
359701
359702
359703
359704
359705
359706
359707
359708
359709
359710
359711
359712
359713
359714
359715
359716
359717
359718
359719
359720
359721
359722
359723
359725
359726
359727
359728
359729
359730
359731
359732
359733
359734
359735
359736
359738
359739
359740
359741
359742
359743
359744
359745
359746
359747
359748
359749
359750
359751
359753
359754
359756
359757
359758
359759
359760
359761
359762
359763
359764
359765
359766
359767
359768
359769
359770
359771
359772
359773
359774
359775
359776
359777
359778
359779
359780
359781
359782
359783
359784
359785
359786
359787
359788
359789
359790
359791
359794
359795
359796
359797
359798
359799
359801
359806
359807
359808
359809
359810
359811
359812
359813
359814
359815
359816
359817
359818
359819
359820
359821
359822
359823
359824
359825
359826
359827
359828
359829
359830
359831
359832
359833
359834
359835
359836
359837
359838
359839
359840
359841
359842
359843
359844
359845
359846
359847
359848
359849
359850
359851
359852
359853
359854
359855
359856
359857
359858
359859
359860
359861
359862
359863
359864
359865
359866
359867
359868
359869
359870
359871
359872
359873
359874
359875
359876
359877
359878
359879
359880
359881
359883
359884
359885
359886
359887
359888
359889
359890
359891
359892
359894
359895
359896
359897
359898
359899
359900
359901
359902
359903
359916
359918
359919
359920
359921
359922
359923
359924
359925
359926
359927
359928
359929
359930
359932
359933
359934
359935
359937
359938
359939
359940
359941
359942
359943
359945
359946
359947
359948
359949
359951
359952
359953
359954
359955
359956
359962
359963
359972
359973
359974
359975
359976
359977
359978
359979
359980
359981
359982
359983
359984
359985
359986
359987
359988
359989
359990
359991
359992
359993
359994
359995
359996
359997
359998
359999
360000
360001
360002
360003
360004
360005
360006
360007
360008
360009
360010
360011
360012
360013
360014
360015
360016
360017
360019
360020
360021
360022
360023
360024
360025
360026
360027
360028
360029
360030
360032
360033
360034
360035
360036
360037
360040
360041
360042
360043
360044
360045
360046
360047
360048
360049
360050
360051
360052
360053
360054
360055
360056
360057
360058
360059
360060
360061
360062
360064
360065
360066
360067
360068
360069
360070
360071
360072
360073
360074
360075
360076
360077
360079
360080
360081
360082
360083
360084
360085
360086
360087
360088
360089
360090
360091
360092
360093
360094
360095
360096
360099
360100
360101
360102
360103
360104
360105
360106
360107
360108
360111
360112
360113
360114
360115
360116
360117
360118
360119
360120
360121
360122
360123
360124
360126
360127
360129
360130
360131
360132
360133
360134
360135
360136
360137
360138
360139
360140
360141
360142
360143
360144
360145
360146
360147
360148
360149
360150
360151
360152
360153
360154
360155
360156
360157
360158
360159
360160
360161
360162
360163
360164
360165
360166
360167
360168
360169
360170
360171
360172
360173
360174
360175
360176
360177
360178
360179
360180
360181
360182
360183
360184
360185
360186
360187
360188
360189
360190
360191
360192
360193
360194
360195
360196
360197
360198
360199
360200
360201
360202
360203
360204
360205
360206
360207
360208
360209
360210
360211
360212
360214
360215
360216
360217
360218
360219
360220
360221
360222
360223
360224
360225
360226
360227
360228
360229
360230
360231
360232
360233
360234
360235
360236
360237
360238
360239
360240
360242
360243
360244
360245
360246
360247
360248
360249
360250
360251
360252
360253
360254
360255
360256
360257
360258
360259
360260
360261
360262
360263
360264
360265
360266
360267
360268
360269
360270
360271
360272
360273
360274
360275
360276
360277
360278
360279
360280
360281
360282
360283
360284
360285
360286
360287
360288
360289
360290
360291
360292
360294
360296
360297
360298
360300
360301
360302
360303
360304
360305
360306
360308
360309
360310
360311
360317
360318
360319
360320
360322
360323
360326
360327
360330
360331
360332
360333
360334
360338
360339
360340
360341
360342
360343
360344
360345
360346
360347
360348
360349
360350
360351
360352
360353
360354
360355
360356
360357
360358
360359
360360
360362
360363
360364
360365
360366
360367
360368
360369
360370
360371
360372
360375
360376
360377
360378
360379
360380
360381
360382
360383
360384
360385
360386
360387
360388
360389
360390
360391
360392
360393
360394
360395
360396
360397
360398
360399
360400
360401
360402
360403
360404
360405
360406
360407
360408
360409
360410
360411
360412
360413
360415
360416
360417
360418
360419
360420
360421
360422
360423
360424
360425
360426
360427
360428
360429
360430
360431
360432
360433
360434
360435
360436
360437
360438
360439
360440
360441
360442
360443
360444
360445
360446
360447
360448
360449
360450
360451
360452
360453
360454
360455
360456
360457
360458
360459
360460
360461
360462
360464
360465
360466
360467
360468
360469
360470
360471
360472
360475
360476
360477
360478
360479
360480
360481
360482
360483
360484
360485
360486
360487
360488
360489
360490
360491
360492
360493
360494
360495
360496
360497
360498
360499
360500
360501
360502
360503
360504
360505
360506
360507
360508
360509
360510
360511
360512
360514
360515
360516
360518
360520
360521
360522
360523
360524
360525
360526
360527
360528
360529
360530
360531
360532
360533
360534
360535
360536
360537
360538
360539
360540
360541
360542
360543
360544
360545
360546
360547
360548
360549
360550
360551
360552
360553
360554
360555
360556
360557
360558
360559
360560
360561
360562
360563
360564
360565
360566
360567
360568
360569
360570
360571
360572
360573
360574
360575
360576
360577
360578
360579
360580
360581
360582
360583
360584
360585
360587
360588
360589
360590
360591
360592
360593
360598
360599
360600
360601
360602
360603
360604
360607
360609
360610
360616
360623
360625
360628
360629
360630
360631
360632
360633
360634
360635
360636
360637
360643
360644
360645
360646
360647
360648
360649
360652
360653
360654
360655
360656
360657
360658
360659
360660
360661
360662
360663
360664
360665
360666
360670
360671
360672
360673
360674
360675
360676
360677
360678
360679
360680
360681
360683
360684
360685
360686
360687
360689
360690
360694
360695
360696
360697
360698
360699
360700
360701
360702
360703
360704
360705
360706
360707
360708
360709
360710
360711
360712
360713
360714
360715
360716
360717
360718
360721
360723
360724
360725
360726
360727
360728
360729
360730
360731
360732
360733
360734
360735
360736
360737
360738
360739
360740
360741
360742
360743
360744
360745
360746
360747
360748
360749
360750
360752
360753
360754
360755
360756
360757
360758
360760
360761
360762
360763
360764
360765
360766
360767
360768
360769
360770
360771
360772
360773
360774
360775
360776
360777
360778
360779
360780
360781
360782
360783
360784
360785
360786
360804
360805
360806
360807
360808
360809
360810
360811
360812
360813
360814
360815
360816
360817
360818
360819
360820
360821
360822
360823
360825
360826
360827
360828
360829
360830
360831
360832
360833
360834
360835
360836
360837
360838
360839
360840
360841
360842
360843
360844
360845
360846
360847
360848
360849
360852
360853
360854
360855
360856
360857
360858
360859
360860
360861
360862
360863
360864
360865
360866
360867
360868
360869
360870
360871
360872
360873
360874
360875
360876
360877
360879
360880
360881
360882
360883
360884
360885
360886
360887
360888
360891
360892
360893
360894
360895
360896
360897
360898
360899
360900
360901
360902
360903
360904
360906
360907
360908
360909
360910
360911
360912
360913
360914
360915
360916
360917
360918
360919
360921
360922
360923
360924
360925
360926
360927
360930
360931
360932
360933
360934
360935
360936
360937
360938
360939
360940
360941
360942
360943
360944
360945
360946
360947
360948
360949
360951
360952
360953
360954
360955
360956
360957
360958
360959
360960
360961
360962
360963
360964
360965
360966
360967
360968
360969
360970
360971
360972
360974
360975
360976
360977
360978
360979
360980
360981
360982
360983
360984
360985
360986
360987
360988
360989
360990
360991
360992
360993
360994
360995
360996
360997
360998
360999
361002
361003
361004
361005
361008
361009
361015
361016
361017
361018
361020
361021
361022
361023
361024
361025
361026
361028
361032
361047
361048
361049
361050
361052
361053
361054
361055
361056
361057
361058
361059
361065
361066
361067
361068
361069
361070
361071
361072
361073
361074
361075
361076
361077
361078
361079
361080
361081
361082
361083
361084
361085
361086
361087
361088
361089
361090
361091
361092
361093
361094
361095
361096
361097
361098
361099
361100
361101
361102
361103
361104
361105
361106
361107
361108
361109
361110
361111
361112
361113
361114
361115
361116
361117
361118
361119
361121
361122
361123
361124
361125
361126
361127
361128
361129
361130
361131
361132
361133
361134
361135
361136
361137
361138
361139
361140
361141
361142
361143
361144
361145
361146
361147
361149
361150
361151
361152
361153
361154
361155
361156
361157
361158
361159
361160
361161
361162
361163
361164
361166
361168
361169
361170
361172
361173
361174
361175
361176
361177
361178
361179
361180
361181
361183
361184
361185
361194
361195
361196
361197
361198
361199
361200
361201
361207
361208
361209
361211
361212
361213
361214
361215
361216
361217
361218
361219
361220
361221
361222
361223
361224
361225
361226
361227
361228
361229
361230
361232
361233
361234
361235
361237
361238
361239
361247
361248
361249
361250
361251
361252
361253
361254
361255
361256
361257
361258
361259
361260
361261
361262
361263
361264
361265
361266
361267
361268
361269
361270
361271
361273
361274
361275
361276
361277
361278
361279
361280
361281
361288
361289
361291
361292
361293
361294
361295
361296
361297
361298
361299
361300
361301
361302
361303
361304
361305
361306
361307
361308
361309
361310
361311
361312
361313
361314
361315
361316
361317
361318
361319
361320
361321
361322
361323
361324
361325
361326
361327
361328
361329
361330
361331
361332
361333
361334
361335
361336
361394
361395
361397
361398
361399
361400
361403
361404
361406
361407
361408
361409
361410
361411
361413
361414
361415
361416
361421
361423
361424
361425
361426
361427
361428
361429
361430
361431
361432
361433
361434
361435
361436
361437
361438
361442
361443
361445
361446
361447
361448
361449
361450
361451
361452
361453
361454
361455
361457
361458
361459
361460
361461
361462
361463
361464
361465
361466
361467
361468
361469
361470
361471
361472
361473
361474
361475
361476
361477
361478
361479
361480
361481
361482
361483
361484
361485
361486
361487
361488
361489
361490
361491
361492
361493
361494
361495
361496
361497
361498
361499
361500
361501
361503
361504
361505
361506
361507
361508
361509
361510
361511
361512
361513
361514
361515
361516
361517
361518
361519
361520
361521
361522
361523
361524
361525
361526
361527
361528
361529
361530
361531
361532
361533
361534
361535
361536
361538
361539
361540
361542
361543
361545
361547
361549
361550
361552
361553
361554
361555
361556
361557
361558
361559
361560
361561
361562
361563
361564
361578
361579
361580
361581
361583
361584
361585
361586
361587
361588
361589
361590
361591
361592
361599
361600
361606
361607
361609
361610
361611
361612
361613
361614
361615
361616
361617
361618
361619
361620
361621
361624
361625
361626
361627
361628
361629
361630
361631
361632
361633
361634
361635
361636
361637
361638
361639
361640
361641
361642
361643
361644
361645
361646
361647
361648
361649
361650
361651
361652
361653
361654
361655
361656
361657
361658
361659
361660
361661
361662
361663
361664
361665
361666
361667
361668
361669
361670
361671
361673
361674
361675
361676
361677
361678
361679
361680
361681
361682
361683
361684
361685
361686
361687
361688
361689
361690
361691
361692
361693
361694
361695
361696
361697
361698
361699
361704
361705
361706
361707
361708
361712
361713
361714
361715
361716
361717
361718
361719
361720
361721
361722
361730
361731
361732
361733
361734
361735
361736
361737
361738
361739
361740
361741
361742
361743
361744
361745
361746
361747
361748
361749
361750
361751
361752
361753
361754
361755
361756
361757
361758
361759
361763
361764
361765
361768
361769
361770
361771
361772
361773
361774
361775
361776
361777
361778
361779
361780
361781
361782
361783
361784
361785
361786
361787
361788
361789
361790
361791
361792
361793
361794
361795
361796
361797
361798
361799
361800
361801
361802
361803
361804
361805
361806
361807
361808
361809
361810
361811
361812
361813
361814
361815
361816
361817
361818
361819
361820
361821
361822
361823
361824
361825
361826
361827
361828
361829
361830
361831
361832
361833
361834
361835
361836
361837
361838
361839
361841
361842
361843
361844
361845
361846
361847
361848
361849
361850
361851
361852
361853
361855
361856
361857
361858
361859
361861
361862
361863
361864
361865
361866
361867
361868
361871
361872
361873
361874
361875
361876
361877
361878
361879
361880
361881
361883
361885
361886
361887
361888
361891
361892
361893
361894
361895
361896
361897
361898
361899
361900
361901
361902
361903
361904
361905
361906
361907
361908
361909
361910
361911
361912
361913
361914
361915
361916
361917
361918
361919
361920
361923
361924
361925
361926
361927
361928
361929
361930
361935
361936
361937
361938
361939
361940
361941
361942
361943
361944
361945
361946
361947
361948
361949
361950
361951
361952
361953
361954
361955
361956
361957
361958
361960
361982
361984
361985
361986
361988
361989
361990
361991
361994
361995
361996
361997
361998
361999
362000
362001
362004
362005
362006
362007
362008
362009
362010
362011
362012
362013
362014
362015
362016
362017
362018
362019
362020
362021
362022
362023
362026
362027
362029
362030
362037
362038
362043
362044
362045
362046
362047
362048
362049
362050
362051
362052
362053
362054
362055
362056
362057
362058
362059
362060
362061
362062
362063
362064
362065
362066
362067
362068
362069
362070
362071
362072
362073
362074
362075
362076
362077
362078
362079
362080
362081
362082
362083
362084
362086
362092
362099
362100
362101
362102
362103
362104
362105
362106
362107
362108
362109
362110
362111
362112
362113
362114
362116
362123
362124
362125
362126
362127
362131
362132
362133
362134
362135
362136
362137
362138
362139
362140
362141
362142
362150
362151
362152
362153
362155
362156
362171
362172
362173
362174
362175
362176
362177
362179
362180
362181
362182
362183
362184
362185
362186
362202
362204
362205
362206
362207
362208
362209
362210
362211
362212
362213
362214
362215
362216
362217
362218
362225
362226
362227
362228
362229
362230
362231
362232
362233
362234
362235
362236
362238
362239
362240
362241
362242
362243
362244
362245
362246
362247
362248
362249
362250
362251
362252
362253
362254
362255
362256
362257
362258
362259
362260
362261
362262
362263
362264
362267
362270
362271
362272
362273
362274
362275
362276
362277
362278
362279
362280
362281
362282
362283
362284
362285
362286
362287
362290
362291
362292
362293
362294
362295
362296
362297
362298
362299
362311
362312
362313
362314
362315
362316
362317
362318
362319
362320
362321
362322
362323
362324
362325
362326
362327
362328
362329
362330
362331
362332
362333
362334
362335
362336
362337
362338
362339
362340
362341
362342
362343
362344
362345
362346
362347
362348
362356
362357
362358
362359
362360
362361
362362
362363
362364
362365
362366
362367
362368
362369
362370
362371
362372
362373
362374
362375
362376
362377
362378
362379
362380
362381
362383
362384
362385
362386
362388
362390
362391
362392
362393
362394
362395
362396
362397
362398
362399
362400
362401
362402
362404
362405
362406
362407
362408
362409
362410
362411
362412
362413
362414
362415
362416
362417
362418
362419
362420
362421
362422
362423
362424
362425
362426
362427
362428
362429
362430
362431
362432
362433
362434
362435
362436
362437
362438
362439
362440
362441
362442
362443
362444
362445
362446
362447
362448
362449
362450
362451
362452
362453
362454
362455
362457
362458
362459
362460
362461
362462
362463
362464
362465
362466
362467
362468
362469
362470
362471
362472
362473
362474
362476
362477
362478
362481
362482
362483
362484
362485
362486
362487
362488
362489
362490
362491
362492
362493
362494
362495
362496
362497
362498
362499
362500
362501
362502
362503
362509
362511
362513
362514
362515
362518
362519
362521
362522
362523
362524
362525
362526
362527
362528
362536
362537
362538
362539
362540
362541
362542
362543
362544
362545
362546
362547
362550
362551
362553
362554
362555
362556
362557
362558
362559
362560
362561
362562
362563
362565
362566
362567
362568
362569
362571
362572
362573
362574
362575
362576
362577
362578
362579
362580
362581
362582
362583
362584
362585
362587
362588
362589
362591
362593
362594
362595
362596
362597
362598
362605
362606
362607
362608
362610
362611
362613
362614
362615
362622
362625
362626
362627
362628
363133
363134
363135
363136
363137
363138
363140
363141
363142
363143
363144
363145
363146
363147
363148
363149
363150
363151
363152
363153
363154
363155
363156
363158
363159
363160
363161
363162
363163
363165
363166
363168
363169
363170
363171
363172
363173
363174
363175
363176
363177
363178
363179
363180
363181
363182
363183
363184
363185
363186
363187
363188
363189
363190
363191
363192
363193
363194
363195
363196
363197
363198
363199
363201
363203
363204
363206
363207
363208
363209
363211
363212
363221
363222
363223
363224
363225
363226
363227
363228
363229
363230
363231
363232
363233
363234
363235
363240
363244
363245
363246
363247
363248
363249
363250
363251
363252
363253
363254
363255
363256
363257
363258
363259
363260
363263
363264
363265
363266
363267
363268
363269
363270
363271
363272
363273
363274
363275
363276
363277
363278
363279
363280
363281
363282
363283
363284
363288
363289
363290
363291
363292
363294
363295
363296
363297
363298
363299
363300
363301
363302
363303
363304
363305
363306
363307
363308
363309
363310
363311
363312
363314
363321
363322
363323
363324
363325
363326
363327
363328
363329
363330
363331
363332
363333
363334
363335
363336
363338
363340
363341
363342
363347
363348
363349
363350
363351
363353
363354
363355
363356
363357
363358
363359
363360
363361
363362
363363
363364
363365
363366
363367
363368
363369
363370
363371
363372
363373
363374
363375
363376
363377
363378
363379
363380
363381
363382
363383
363384
363385
363386
363387
363388
363389
363390
363391
363392
363393
363394
363395
363396
363397
363398
363399
363400
363401
363402
363403
363404
363405
363406
363407
363408
363409
363410
363411
363412
363413
363414
363415
363416
363417
363418
363419
363420
363421
363422
363423
363424
363425
363426
363427
363428
363473
363476
363477
363478
363479
363612
363622
363623
363624
363625
363626
363627
363628
363629
363630
363631
363632
363634
363635
363636
363637
363638
363639
363643
363644
363648
363649
363650
363651
363652
363653
363654
363655
363656
363657
363658
363659
363660
363661
363662
363663
363664
363665
363666
363667
363668
363669
363670
363671
363672
363673
363674
363675
363676
363677
363684
363685
363686
363687
363688
363689
363690
363691
363692
363693
363694
363695
363696
363697
363698
363699
363700
363701
363702
363703
363704
363705
363706
363707
363708
363709
363710
363711
363712
363713
363714
363715
363716
363717
363718
363719
363720
363721
363722
363723
363724
363725
363726
363727
363728
363729
363730
363731
363732
363733
363734
363735
363736
363737
363738
363739
363740
363741
363742
363743
363744
363745
363746
363747
363748
363749
363750
363751
363752
363753
363754
363755
363756
363757
363758
363759
363760
363761
363762
363763
363764
363765
363766
363767
363769
363770
363771
363772
363773
363774
363775
363776
363777
363778
363779
363780
363781
363828
363985
363997
363998
363999
364001
364002
364003
364006
364007
364008
364009
364016
364017
364293
364294
364295
364296
364297
364298
364299
364300
364301
364304
364305
364306
364307
364500
366226
366227
366228
366229
366233
366234
366236
366238
366239
366240
366241
366242
366251
366252
366253
366254
366255
366256
366257
366258
366259
366261
366262
366263
366264
366265
366266
366267
366268
366269
366270
366271
366272
366273
366274
366275
366276
366277
366278
366279
366280
366281
366282
366284
366285
366286
366288
366289
366290
366291
366292
366293
366294
366295
366296
366297
366298
366299
366300
366301
366302
366303
366304
366305
366306
366307
366308
366309
366310
366311
366312
366313
366314
366315
366316
366317
366318
366319
366320
366321
366322
366323
366324
366326
366327
366328
366329
366330
366331
366332
366333
366334
366335
366336
366337
366338
366339
366340
366341
366342
366343
366344
366345
366346
366347
366348
366349
366350
366353
366354
366355
366356
366357
366358
366359
366360
366361
366362
366363
366364
366365
366366
366367
366368
366369
366370
366371
366372
366373
366374
366375
366376
366377
366378
366379
366380
366381
366382
366383
366384
366385
366386
366388
366390
366391
366392
366393
366394
366395
366396
366397
366398
366399
366415
366426
366427
366428
366429
366430
366431
366432
366433
366434
366435
366436
366437
366439
366448
366449
366450
366451
366452
366453
366454
366455
366456
366457
366458
366459
366462
366463
366464
366465
366466
366467
366468
366469
366471
366472
366473
366474
366475
366476
366477
366478
366479
366480
366481
366482
366483
366484
366485
366486
366487
366488
366489
366490
366491
366492
366493
366494
366495
366496
366497
366498
366499
366500
366501
366502
366503
366504
366505
366506
366507
366508
366509
366510
366511
366512
366513
366514
366515
366516
366517
366518
366519
366520
366521
366522
366523
366524
366525
366526
366527
366528
366529
366530
366531
366532
366533
366534
366535
366536
366537
366538
366539
366544
366545
366560
366561
366562
366563
366564
366565
366566
366567
366568
366569
366572
366573
366579
366580
366581
366582
366604
366605
366606
366607
366608
366609
366610
366611
366612
366613
366614
366738
366739
366740
366741
366742
366743
366744
366745
366746
366747
366748
366749
366750
366751
366752
366753
366754
366755
366762
366763
366765
366766
366767
366768
366769
366770
366771
366772
366782
366783
366784
366785
366786
366787
366795
366796
366797
366798
366799
366800
366801
366802
366803
366804
366805
366806
366807
366808
366809
366810
366811
366812
366813
366814
366815
366816
366817
366823
366824
366825
366826
366827
366828
366829
366830
366831
366832
366833
366834
366835
366836
366837
366838
366839
366840
366841
366842
366843
366844
366845
366846
366847
366848
366849
366850
366851
366852
366853
366854
366855
366856
366857
366858
366859
366860
366861
366862
366863
366864
366865
366866
366867
366868
366869
366870
366871
366872
366873
366874
366875
366876
366877
366878
366879
366880
366881
366882
366883
366884
366885
366886
366887
366888
366889
366890
366891
366892
366893
366894
366895
366896
366897
366898
366899
366900
366901
366902
366904
366905
366906
366907
366908
366909
366911
366912
366913
366914
366915
366916
366917
366918
366919
366920
366921
366922
366923
366924
366925
366926
366927
366928
366929
366930
366931
366932
366934
366935
366936
367014
367015
367016
367017
367018
367019
367020
367021
367022
367024
367025
367026
367027
367028
367029
367030
367032
367033
367034
367035
367036
367037
367038
367039
367040
367041
367043
367044
367045
367046
367047
367048
367049
367050
367058
367059
367061
367062
367063
367064
367065
367066
367067
367068
367069
367070
367071
367072
367073
367074
367075
367076
367077
367079
367080
367081
367082
367083
367084
367085
367086
367088
367089
367090
367091
367092
367093
367094
367095
367096
367097
367098
367099
367100
367101
367102
367103
367104
367105
367106
367107
367108
367109
367110
367111
367112
367113
367114
367115
367116
367117
367118
367119
367120
367121
367122
367123
367124
367125
367126
367127
367128
367129
367130
367131
367132
367133
367134
367135
367136
367137
367138
367139
367140
367141
367142
367143
367144
367145
367146
367147
367148
367149
367150
367157
367158
367162
367163
367164
367165
367166
367167
367168
367169
367170
367171
367172
367173
367174
367175
367176
367177
367178
367179
367180
367181
367182
367183
367184
367185
367186
367187
367188
367189
367190
367191
367192
367193
367194
367195
367196
367197
367198
367199
367200
367201
367202
367203
367204
367205
367206
367207
367208
367209
367210
367211
367212
367213
367214
367215
367216
367217
367218
367219
367220
367221
367222
367223
367224
367225
367226
367227
367228
367229
367230
367231
367233
367234
367235
367236
367237
367238
367239
367240
367241
367242
367243
367244
367245
367246
367247
367248
367249
367250
367251
367252
367253
367254
367255
367256
367257
367258
367261
367263
367264
367265
367266
367267
367269
367270
367271
